"Date","Price","Open","High","Low","Vol.","Change %"
"13/03/2023","165.87","167.49","168.58","164.04","23.27M","-4.36%"
"10/03/2023","173.44","175.13","178.29","168.44","191.49M","0.30%"
"09/03/2023","172.92","180.25","185.18","172.51","167.50M","-4.99%"
"08/03/2023","182.00","185.04","186.50","180.00","151.90M","-3.04%"
"07/03/2023","187.71","191.38","194.20","186.10","148.13M","-3.15%"
"06/03/2023","193.81","198.54","198.60","192.30","128.10M","-2.01%"
"03/03/2023","197.79","194.79","200.48","192.88","153.44M","3.61%"
"02/03/2023","190.90","186.74","193.75","186.01","180.86M","-5.85%"
"01/03/2023","202.77","206.21","207.20","198.52","145.64M","-1.43%"
"28/02/2023","205.71","210.59","211.23","203.75","153.14M","-0.92%"
"27/02/2023","207.63","202.03","209.42","201.26","161.03M","5.46%"
"24/02/2023","196.88","196.32","197.67","192.80","142.23M","-2.57%"
"23/02/2023","202.07","203.91","205.14","196.33","146.36M","0.60%"
"22/02/2023","200.86","197.93","201.99","191.78","191.83M","1.77%"
"21/02/2023","197.37","204.99","209.71","197.22","180.02M","-5.25%"
"17/02/2023","208.31","199.99","208.44","197.50","213.74M","3.10%"
"16/02/2023","202.04","210.78","217.65","201.84","225.50M","-5.69%"
"15/02/2023","214.24","211.76","214.66","206.11","180.17M","2.38%"
"14/02/2023","209.25","191.94","209.82","189.44","216.46M","7.51%"
"13/02/2023","194.64","194.41","196.30","187.61","171.90M","-1.14%"
"10/02/2023","196.89","202.23","206.20","192.89","204.75M","-5.03%"
"09/02/2023","207.32","207.77","214.00","204.77","213.30M","3.00%"
"08/02/2023","201.29","196.10","203.00","194.31","179.60M","2.28%"
"07/02/2023","196.81","196.43","197.50","189.55","185.21M","1.05%"
"06/02/2023","194.76","193.01","198.17","189.92","185.36M","2.52%"
"03/02/2023","189.98","183.95","199.00","183.69","232.66M","0.91%"
"02/02/2023","188.27","187.32","196.75","182.61","215.01M","3.78%"
"01/02/2023","181.41","173.89","183.80","169.93","210.47M","4.73%"
"31/01/2023","173.22","164.57","174.30","162.78","196.81M","3.94%"
"30/01/2023","166.66","178.05","179.77","166.50","228.97M","-6.32%"
"27/01/2023","177.90","162.43","180.68","161.17","306.59M","11.00%"
"26/01/2023","160.27","159.96","161.42","154.76","233.15M","10.97%"
"25/01/2023","144.43","141.90","146.41","138.07","176.97M","0.38%"
"24/01/2023","143.89","143.00","146.50","141.10","156.01M","0.10%"
"23/01/2023","143.75","135.87","145.38","134.27","201.05M","7.74%"
"20/01/2023","133.42","128.68","133.51","127.35","138.86M","4.91%"
"19/01/2023","127.17","127.26","129.99","124.31","169.34M","-1.25%"
"18/01/2023","128.78","136.55","136.68","127.01","195.68M","-2.06%"
"17/01/2023","131.49","125.69","131.70","125.02","185.21M","7.43%"
"13/01/2023","122.40","116.55","122.63","115.60","180.71M","-0.94%"
"12/01/2023","123.56","122.56","124.13","117.00","168.80M","0.28%"
"11/01/2023","123.22","122.09","125.95","120.51","183.19M","3.68%"
"10/01/2023","118.85","121.07","122.76","114.92","166.48M","-0.77%"
"09/01/2023","119.77","118.96","123.52","117.11","189.34M","5.93%"
"06/01/2023","113.06","103.00","114.39","101.81","220.91M","2.47%"
"05/01/2023","110.34","110.51","111.75","107.16","157.24M","-2.90%"
"04/01/2023","113.64","109.11","114.59","107.52","179.52M","5.12%"
"03/01/2023","108.10","118.47","118.80","104.64","230.04M","-12.24%"
"30/12/2022","123.18","119.95","124.48","119.75","157.78M","1.12%"
"29/12/2022","121.82","120.39","123.57","117.50","219.03M","8.08%"
"28/12/2022","112.71","110.35","116.27","108.24","219.28M","3.31%"
"27/12/2022","109.10","117.50","119.67","108.76","203.04M","-11.41%"
"23/12/2022","123.15","126.37","128.62","121.02","166.99M","-1.76%"
"22/12/2022","125.35","136.00","136.63","122.26","205.08M","-8.88%"
"21/12/2022","137.57","139.34","141.26","135.89","144.52M","-0.17%"
"20/12/2022","137.80","146.05","148.47","137.66","156.38M","-8.05%"
"19/12/2022","149.87","154.00","155.25","145.82","138.87M","-0.24%"
"16/12/2022","150.23","159.63","160.99","150.04","139.03M","-4.72%"
"15/12/2022","157.67","153.44","160.93","153.28","121.53M","0.55%"
"14/12/2022","156.80","159.25","161.62","155.31","140.68M","-2.58%"
"13/12/2022","160.95","174.87","175.05","156.91","175.07M","-4.09%"
"12/12/2022","167.82","176.10","177.37","167.52","108.71M","-6.27%"
"09/12/2022","179.05","173.84","182.50","173.36","104.87M","3.23%"
"08/12/2022","173.44","172.20","175.20","169.06","97.24M","-0.34%"
"07/12/2022","174.04","175.03","179.38","172.22","83.70M","-3.21%"
"06/12/2022","179.82","181.21","183.65","175.33","91.87M","-1.44%"
"05/12/2022","182.45","189.44","191.27","180.55","92.46M","-6.37%"
"02/12/2022","194.86","191.78","196.25","191.11","73.65M","0.08%"
"01/12/2022","194.70","197.08","198.92","191.80","80.05M","0.00%"
"30/11/2022","194.70","182.43","194.76","180.63","109.19M","7.67%"
"29/11/2022","180.83","184.99","186.38","178.75","83.36M","-1.14%"
"28/11/2022","182.92","179.96","188.50","179.00","93.04M","0.03%"
"25/11/2022","182.86","185.06","185.20","180.63","50.67M","-0.19%"
"23/11/2022","183.20","173.57","183.62","172.50","109.54M","7.82%"
"22/11/2022","169.91","168.63","170.92","166.18","78.45M","1.22%"
"21/11/2022","167.87","175.85","176.77","167.54","92.88M","-6.84%"
"18/11/2022","180.19","185.05","185.19","176.55","76.05M","-1.63%"
"17/11/2022","183.17","183.96","186.16","180.90","64.34M","-2.01%"
"16/11/2022","186.92","191.51","192.57","185.66","66.57M","-3.86%"
"15/11/2022","194.42","195.88","200.82","192.06","91.29M","1.82%"
"14/11/2022","190.95","192.77","195.73","186.34","92.23M","-2.56%"
"11/11/2022","195.97","186.00","196.52","182.59","114.40M","2.75%"
"10/11/2022","190.72","189.90","191.00","180.03","132.70M","7.39%"
"09/11/2022","177.59","190.77","195.89","177.12","127.06M","-7.17%"
"08/11/2022","191.30","194.02","195.20","186.75","128.80M","-2.93%"
"07/11/2022","197.08","208.65","208.90","196.66","93.92M","-5.01%"
"04/11/2022","207.47","222.60","223.80","203.08","98.62M","-3.64%"
"03/11/2022","215.31","211.36","221.20","210.14","56.54M","0.15%"
"02/11/2022","214.98","226.04","227.87","214.82","63.07M","-5.64%"
"01/11/2022","227.82","234.05","237.40","227.28","62.69M","0.12%"
"31/10/2022","227.54","226.19","229.85","221.94","61.55M","-0.43%"
"28/10/2022","228.52","225.40","228.86","216.35","69.15M","1.52%"
"27/10/2022","225.09","229.77","233.81","222.85","61.64M","0.20%"
"26/10/2022","224.64","219.40","230.60","218.20","85.33M","1.00%"
"25/10/2022","222.41","210.10","224.35","210.00","96.51M","5.29%"
"24/10/2022","211.25","205.82","213.50","198.59","100.45M","-1.49%"
"21/10/2022","214.44","206.41","214.66","203.80","75.71M","3.45%"
"20/10/2022","207.28","208.28","215.55","202.00","117.80M","-6.65%"
"19/10/2022","222.04","219.80","222.93","217.78","66.57M","0.84%"
"18/10/2022","220.19","229.50","229.82","217.25","75.89M","0.38%"
"17/10/2022","219.35","210.04","221.86","209.45","79.43M","7.01%"
"14/10/2022","204.99","224.01","226.26","204.16","94.13M","-7.55%"
"13/10/2022","221.72","208.30","222.99","206.22","91.48M","2.06%"
"12/10/2022","217.24","215.33","219.30","211.51","66.86M","0.34%"
"11/10/2022","216.50","220.95","225.75","215.00","77.01M","-2.90%"
"10/10/2022","222.96","223.93","226.99","218.36","67.93M","-0.05%"
"07/10/2022","223.07","233.93","234.57","222.02","83.92M","-6.32%"
"06/10/2022","238.13","239.44","244.58","235.35","69.30M","-1.11%"
"05/10/2022","240.81","245.01","246.67","233.27","86.98M","-3.46%"
"04/10/2022","249.44","250.52","257.50","242.01","109.58M","2.90%"
"03/10/2022","242.40","254.50","255.16","241.01","98.36M","-8.61%"
"30/09/2022","265.25","266.14","275.57","262.47","67.73M","-1.10%"
"29/09/2022","268.21","282.76","283.65","265.78","77.62M","-6.81%"
"28/09/2022","287.81","283.08","289.00","277.57","54.67M","1.72%"
"27/09/2022","282.94","283.84","288.67","277.51","61.93M","2.51%"
"26/09/2022","276.01","271.83","284.09","270.31","58.08M","0.25%"
"23/09/2022","275.33","283.09","284.50","272.82","63.75M","-4.59%"
"22/09/2022","288.59","299.86","301.29","285.82","70.55M","-4.06%"
"21/09/2022","300.80","308.29","313.80","300.63","62.56M","-2.57%"
"20/09/2022","308.73","306.91","313.33","305.58","61.64M","-0.11%"
"19/09/2022","309.07","300.09","309.84","297.80","60.23M","1.89%"
"16/09/2022","303.35","299.61","303.71","295.60","87.09M","-0.13%"
"15/09/2022","303.75","301.83","309.12","300.72","64.80M","0.38%"
"14/09/2022","302.61","292.24","306.00","291.64","72.63M","3.59%"
"13/09/2022","292.13","292.90","297.40","290.40","68.23M","-4.04%"
"12/09/2022","304.42","300.72","305.49","300.40","48.68M","1.58%"
"09/09/2022","299.68","291.67","299.85","291.24","54.47M","3.60%"
"08/09/2022","289.26","281.30","289.50","279.76","53.71M","1.96%"
"07/09/2022","283.70","273.10","283.84","272.27","50.03M","3.38%"
"06/09/2022","274.42","272.67","275.99","265.74","55.86M","1.56%"
"02/09/2022","270.21","281.07","282.35","269.08","50.89M","-2.51%"
"01/09/2022","277.16","272.58","277.58","266.15","54.29M","0.56%"
"31/08/2022","275.61","280.62","281.25","271.81","52.11M","-0.75%"
"30/08/2022","277.70","287.86","288.48","272.65","50.54M","-2.50%"
"29/08/2022","284.82","282.83","287.74","280.70","41.87M","-1.14%"
"26/08/2022","288.09","297.43","302.00","287.47","57.16M","-2.70%"
"25/08/2022","296.07","302.36","302.96","291.60","53.23M","-0.35%"
"24/08/2022","297.10","297.56","303.65","296.50","57.26M","0.22%"
"23/08/2022","296.45","291.45","298.83","287.92","63.99M","2.26%"
"22/08/2022","289.91","291.91","292.40","286.30","55.84M","-2.28%"
"19/08/2022","296.67","299.00","300.36","292.50","61.40M","-2.05%"
"18/08/2022","302.87","306.00","306.50","301.85","47.50M","-0.37%"
"17/08/2022","304.00","303.40","309.66","300.03","68.77M","-0.84%"
"16/08/2022","306.56","311.67","314.67","302.88","88.14M","-0.89%"
"15/08/2022","309.32","301.79","313.13","301.23","89.36M","3.10%"
"12/08/2022","300.03","289.41","300.16","285.03","79.66M","4.68%"
"11/08/2022","286.63","296.51","298.24","285.83","70.16M","-2.62%"
"10/08/2022","294.36","297.07","297.51","283.37","94.92M","3.89%"
"09/08/2022","283.33","290.29","292.40","279.35","86.25M","-2.44%"
"08/08/2022","290.42","295.00","305.20","289.09","99.37M","0.78%"
"05/08/2022","288.17","302.67","304.61","285.54","113.17M","-6.63%"
"04/08/2022","308.63","311.00","313.61","305.00","72.26M","0.40%"
"03/08/2022","307.40","305.00","309.55","301.15","80.09M","2.27%"
"02/08/2022","300.59","294.00","307.83","292.67","95.58M","1.11%"
"01/08/2022","297.28","301.27","311.88","295.00","117.04M","0.04%"
"29/07/2022","297.15","280.70","298.32","279.10","95.31M","5.78%"
"28/07/2022","280.90","280.07","283.30","272.80","84.72M","2.21%"
"27/07/2022","274.82","263.81","275.93","261.79","88.11M","6.17%"
"26/07/2022","258.86","266.51","267.31","256.26","66.82M","-3.57%"
"25/07/2022","268.43","272.22","274.15","267.40","64.07M","-1.40%"
"22/07/2022","272.24","276.22","280.79","270.71","103.47M","0.20%"
"21/07/2022","271.71","255.11","273.27","254.87","142.03M","9.78%"
"20/07/2022","247.50","246.78","250.66","243.48","88.86M","0.80%"
"19/07/2022","245.53","245.00","247.14","236.98","80.89M","2.07%"
"18/07/2022","240.55","244.94","250.52","239.60","82.54M","0.20%"
"15/07/2022","240.07","240.00","243.62","236.89","69.68M","0.74%"
"14/07/2022","238.31","234.90","238.65","229.33","78.56M","0.54%"
"13/07/2022","237.04","225.50","242.06","225.03","97.96M","1.70%"
"12/07/2022","233.07","236.85","239.77","228.37","87.93M","-0.54%"
"11/07/2022","234.34","252.10","253.06","233.63","99.51M","-6.55%"
"08/07/2022","250.76","242.33","254.98","241.16","101.85M","2.54%"
"07/07/2022","244.54","233.92","245.36","232.21","81.93M","5.53%"
"06/07/2022","231.73","230.78","234.56","227.19","71.85M","-0.57%"
"05/07/2022","233.07","223.00","233.15","216.17","84.78M","2.55%"
"01/07/2022","227.26","227.00","230.23","222.12","74.46M","1.24%"
"30/06/2022","224.47","224.51","229.46","218.86","94.60M","-1.76%"
"29/06/2022","228.49","230.50","231.17","222.27","82.90M","-1.79%"
"28/06/2022","232.66","244.48","249.97","232.34","90.67M","-5.00%"
"27/06/2022","244.92","249.37","252.07","242.57","89.18M","-0.32%"
"24/06/2022","245.71","237.47","246.07","236.09","95.77M","4.52%"
"23/06/2022","235.07","237.90","239.32","228.64","104.20M","-0.43%"
"22/06/2022","236.09","234.50","246.83","233.83","101.53M","-0.40%"
"21/06/2022","237.04","224.60","243.58","224.33","122.79M","9.35%"
"17/06/2022","216.76","213.43","220.97","213.20","92.64M","1.72%"
"16/06/2022","213.10","222.74","225.17","208.69","107.39M","-8.54%"
"15/06/2022","233.00","220.92","235.66","218.15","119.13M","5.48%"
"14/06/2022","220.89","218.29","226.33","211.74","97.99M","2.39%"
"13/06/2022","215.74","223.17","226.63","214.68","102.77M","-7.10%"
"10/06/2022","232.23","235.16","239.50","227.91","98.09M","-3.12%"
"09/06/2022","239.71","249.34","255.55","239.33","96.49M","-0.89%"
"08/06/2022","241.87","240.09","249.96","239.18","76.21M","1.25%"
"07/06/2022","238.89","234.00","240.00","230.09","72.81M","0.25%"
"06/06/2022","238.28","244.35","244.87","234.35","84.21M","1.60%"
"03/06/2022","234.52","243.22","247.80","233.42","112.39M","-9.22%"
"02/06/2022","258.33","244.16","264.21","242.07","93.47M","4.68%"
"01/06/2022","246.79","251.72","257.33","243.64","77.25M","-2.36%"
"31/05/2022","252.75","257.95","259.60","244.74","101.91M","-0.18%"
"27/05/2022","253.21","241.08","253.27","240.18","89.30M","7.33%"
"26/05/2022","235.91","220.47","239.56","217.89","106.00M","7.43%"
"25/05/2022","219.60","207.95","223.11","207.67","92.14M","4.88%"
"24/05/2022","209.39","217.84","217.97","206.86","89.09M","-6.93%"
"23/05/2022","224.97","218.34","226.65","212.69","88.90M","1.66%"
"20/05/2022","221.30","238.00","240.53","211.00","144.97M","-6.42%"
"19/05/2022","236.47","235.67","244.67","231.37","90.30M","-0.05%"
"18/05/2022","236.60","248.17","253.50","233.60","87.81M","-6.80%"
"17/05/2022","253.87","249.12","254.83","242.95","80.24M","5.14%"
"16/05/2022","241.46","255.72","256.59","239.70","86.10M","-5.88%"
"13/05/2022","256.53","257.83","262.45","250.52","92.15M","5.71%"
"12/05/2022","242.67","233.67","253.22","226.67","140.31M","-0.82%"
"11/05/2022","244.67","265.00","269.92","242.40","97.23M","-8.25%"
"10/05/2022","266.68","273.10","275.12","258.08","84.40M","1.64%"
"09/05/2022","262.37","278.82","281.88","260.38","90.81M","-9.07%"
"06/05/2022","288.55","295.67","296.00","281.03","72.90M","-0.87%"
"05/05/2022","291.09","313.07","315.20","285.90","92.52M","-8.33%"
"04/05/2022","317.54","301.31","318.50","295.09","81.64M","4.77%"
"03/05/2022","303.08","301.06","308.03","296.20","63.71M","0.70%"
"02/05/2022","300.98","286.92","302.12","282.68","75.78M","3.70%"
"29/04/2022","290.25","300.75","311.47","290.00","88.13M","-0.77%"
"28/04/2022","292.50","299.99","300.00","273.90","124.95M","-0.45%"
"27/04/2022","293.84","299.53","306.00","292.45","76.96M","0.58%"
"26/04/2022","292.14","331.81","333.33","291.67","136.13M","-12.18%"
"25/04/2022","332.67","326.32","336.21","325.10","68.34M","-0.70%"
"22/04/2022","335.02","338.30","344.95","331.33","69.70M","-0.37%"
"21/04/2022","336.26","358.24","364.07","332.14","105.42M","3.23%"
"20/04/2022","325.73","343.33","344.67","325.08","70.71M","-4.96%"
"19/04/2022","342.72","335.02","344.98","331.77","49.85M","2.38%"
"18/04/2022","334.76","329.68","338.31","324.47","51.72M","1.96%"
"14/04/2022","328.33","333.10","337.57","327.40","58.42M","-3.66%"
"13/04/2022","340.79","327.02","342.08","324.37","55.12M","3.59%"
"12/04/2022","328.98","332.55","340.40","325.53","65.98M","1.13%"
"11/04/2022","325.31","326.80","336.16","324.88","59.36M","-4.83%"
"08/04/2022","341.83","347.74","349.48","340.81","55.01M","-3.00%"
"07/04/2022","352.42","350.80","358.86","340.51","79.45M","1.10%"
"06/04/2022","348.59","357.82","359.67","342.57","89.35M","-4.17%"
"05/04/2022","363.75","378.77","384.29","362.43","80.08M","-4.73%"
"04/04/2022","381.82","363.13","383.30","357.51","82.18M","5.61%"
"01/04/2022","361.53","360.38","364.92","355.55","54.26M","0.65%"
"31/03/2022","359.20","364.86","367.71","358.88","48.99M","-1.50%"
"30/03/2022","364.66","363.72","371.32","361.33","59.87M","-0.51%"
"29/03/2022","366.52","369.33","371.59","357.70","73.62M","0.71%"
"28/03/2022","363.95","355.03","365.96","351.20","102.51M","8.03%"
"25/03/2022","336.88","336.00","340.60","332.44","62.03M","-0.32%"
"24/03/2022","337.97","336.58","341.50","329.60","68.92M","1.48%"
"23/03/2022","333.04","326.65","346.90","325.47","120.68M","0.52%"
"22/03/2022","331.33","310.00","332.62","307.25","105.87M","7.91%"
"21/03/2022","307.05","304.99","314.28","302.36","81.98M","1.74%"
"18/03/2022","301.80","291.50","302.62","289.13","100.41M","3.88%"
"17/03/2022","290.53","277.00","291.67","275.24","66.58M","3.73%"
"16/03/2022","280.08","269.67","280.67","267.42","84.03M","4.78%"
"15/03/2022","267.30","258.42","268.52","252.19","66.84M","4.63%"
"14/03/2022","255.46","260.20","266.90","252.01","71.15M","-3.64%"
"11/03/2022","265.12","280.07","281.27","264.59","67.04M","-5.12%"
"10/03/2022","279.43","283.82","284.82","270.12","58.65M","-2.41%"
"09/03/2022","286.32","279.83","286.85","277.34","59.18M","4.19%"
"08/03/2022","274.80","265.18","283.33","260.72","80.40M","2.46%"
"07/03/2022","268.19","285.43","288.71","268.19","72.49M","-4.02%"
"04/03/2022","279.43","283.03","285.22","275.05","67.18M","-0.12%"
"03/03/2022","279.76","292.92","295.48","277.53","61.62M","-4.61%"
"02/03/2022","293.30","290.71","295.49","281.42","74.64M","1.80%"
"01/03/2022","288.12","289.89","296.63","284.59","74.77M","-0.70%"
"28/02/2022","290.14","271.67","292.29","271.57","99.01M","7.48%"
"25/02/2022","269.96","269.74","273.17","260.80","76.07M","1.14%"
"24/02/2022","266.92","233.46","267.49","233.33","135.32M","4.81%"
"23/02/2022","254.68","276.81","278.43","253.52","95.26M","-7.00%"
"22/02/2022","273.84","278.04","285.58","267.03","83.29M","-4.14%"
"18/02/2022","285.66","295.33","295.62","279.20","68.50M","-2.21%"
"17/02/2022","292.12","304.42","306.17","291.37","55.18M","-5.09%"
"16/02/2022","307.80","304.68","308.81","300.40","51.29M","0.10%"
"15/02/2022","307.48","300.00","307.67","297.79","57.65M","5.33%"
"14/02/2022","291.92","287.19","299.63","284.38","67.76M","1.83%"
"11/02/2022","286.67","303.21","305.32","283.57","79.65M","-4.93%"
"10/02/2022","301.52","302.79","314.60","298.90","66.13M","-2.95%"
"09/02/2022","310.67","311.67","315.42","306.67","52.26M","1.08%"
"08/02/2022","307.33","301.84","308.76","298.27","50.73M","1.62%"
"07/02/2022","302.45","307.93","315.92","300.90","61.00M","-1.73%"
"04/02/2022","307.77","299.07","312.17","293.72","73.63M","3.61%"
"03/02/2022","297.05","294.00","312.33","293.51","78.86M","-1.60%"
"02/02/2022","301.89","309.39","310.50","296.47","66.79M","-2.75%"
"01/02/2022","310.42","311.74","314.57","301.67","73.14M","-0.58%"
"31/01/2022","312.24","290.90","312.66","287.35","104.44M","10.68%"
"28/01/2022","282.12","277.19","285.83","264.00","134.79M","2.08%"
"27/01/2022","276.37","311.12","311.80","276.33","147.11M","-11.55%"
"26/01/2022","312.47","317.48","329.23","302.00","104.87M","2.07%"
"25/01/2022","306.13","304.73","317.09","301.07","86.60M","-1.25%"
"24/01/2022","310.00","301.59","311.17","283.82","152.38M","-1.47%"
"21/01/2022","314.63","332.11","334.85","313.50","103.42M","-5.26%"
"20/01/2022","332.09","336.58","347.22","331.33","70.49M","0.06%"
"19/01/2022","331.88","347.23","351.56","331.67","75.44M","-3.38%"
"18/01/2022","343.50","342.20","356.93","338.69","66.99M","-1.82%"
"14/01/2022","349.87","339.96","350.67","337.79","72.92M","1.75%"
"13/01/2022","343.85","369.69","371.87","342.18","97.21M","-6.75%"
"12/01/2022","368.74","359.62","371.61","357.53","83.74M","3.93%"
"11/01/2022","354.80","351.22","358.62","346.27","66.06M","0.59%"
"10/01/2022","352.71","333.33","353.03","326.67","91.82M","3.03%"
"07/01/2022","342.32","360.12","360.31","336.67","84.17M","-3.54%"
"06/01/2022","354.90","359.00","362.67","340.17","90.34M","-2.15%"
"05/01/2022","362.71","382.22","390.11","360.34","80.12M","-5.35%"
"04/01/2022","383.20","396.52","402.67","374.35","100.25M","-4.18%"
"03/01/2022","399.93","382.58","400.36","378.68","104.69M","13.53%"
"31/12/2021","352.26","357.81","360.67","351.53","40.73M","-1.27%"
"30/12/2021","356.78","353.78","365.18","351.05","47.04M","-1.46%"
"29/12/2021","362.06","366.21","368.00","354.71","56.15M","-0.21%"
"28/12/2021","362.82","369.83","373.00","359.47","60.32M","-0.50%"
"27/12/2021","364.65","357.89","372.33","356.90","71.15M","2.52%"
"23/12/2021","355.67","335.60","357.66","332.52","92.71M","5.76%"
"22/12/2021","336.29","321.89","338.55","319.02","93.63M","7.49%"
"21/12/2021","312.84","305.62","313.17","295.37","71.52M","4.29%"
"20/12/2021","299.98","303.57","307.23","297.80","56.48M","-3.50%"
"17/12/2021","310.86","304.92","320.22","303.01","100.88M","0.61%"
"16/12/2021","308.97","331.50","331.66","307.28","82.77M","-5.03%"
"15/12/2021","325.33","317.74","326.25","309.42","75.17M","1.82%"
"14/12/2021","319.50","315.00","322.14","310.00","70.81M","-0.82%"
"13/12/2021","322.14","333.70","335.00","317.14","78.60M","-4.98%"
"10/12/2021","339.01","336.25","340.33","327.51","59.66M","1.32%"
"09/12/2021","334.60","353.55","354.16","334.12","59.44M","-6.10%"
"08/12/2021","356.32","350.90","357.46","344.33","41.91M","1.64%"
"07/12/2021","350.58","348.07","352.56","342.27","56.09M","4.24%"
"06/12/2021","336.34","333.84","340.55","316.83","81.66M","-0.59%"
"03/12/2021","338.32","361.60","363.52","333.40","92.32M","-6.42%"
"02/12/2021","361.53","366.35","371.00","352.22","73.12M","-0.95%"
"01/12/2021","365.00","386.90","390.95","363.59","68.80M","-4.35%"
"30/11/2021","381.59","381.46","389.33","372.67","81.28M","0.68%"
"29/11/2021","379.00","367.00","380.89","366.73","58.39M","5.09%"
"26/11/2021","360.64","366.49","369.59","360.33","35.04M","-3.05%"
"24/11/2021","372.00","360.13","377.59","354.00","67.68M","0.63%"
"23/11/2021","369.68","389.17","393.50","354.23","108.52M","-4.14%"
"22/11/2021","385.62","387.44","400.65","377.48","99.22M","1.74%"
"19/11/2021","379.02","366.29","379.57","364.23","64.93M","3.71%"
"18/11/2021","365.46","368.85","370.67","358.34","62.70M","0.68%"
"17/11/2021","363.00","354.50","373.21","351.83","94.34M","3.25%"
"16/11/2021","351.58","334.44","352.40","334.06","79.63M","4.08%"
"15/11/2021","337.80","339.21","343.99","326.20","104.33M","-1.94%"
"12/11/2021","344.47","349.17","351.50","339.73","76.72M","-2.83%"
"11/11/2021","354.50","367.59","368.32","351.56","67.19M","-0.42%"
"10/11/2021","355.98","336.80","359.37","329.10","128.41M","4.34%"
"09/11/2021","341.17","391.20","391.50","337.17","177.32M","-11.99%"
"08/11/2021","387.65","383.26","399.00","377.67","100.34M","-4.84%"
"05/11/2021","407.36","409.33","413.29","402.67","64.89M","-0.64%"
"04/11/2021","409.97","411.47","414.50","405.67","76.19M","1.32%"
"03/11/2021","404.62","392.44","405.13","384.21","103.89M","3.57%"
"02/11/2021","390.67","386.45","402.86","382.00","128.21M","-3.03%"
"01/11/2021","402.86","381.67","403.25","372.89","168.15M","8.49%"
"29/10/2021","371.33","360.62","371.74","357.73","89.76M","3.43%"
"28/10/2021","359.01","356.10","360.33","351.40","81.64M","3.78%"
"27/10/2021","345.95","346.55","356.96","343.59","115.58M","1.91%"
"26/10/2021","339.48","341.56","364.98","333.81","187.24M","-0.63%"
"25/10/2021","341.62","316.84","348.34","314.73","188.56M","12.66%"
"22/10/2021","303.23","298.50","303.33","296.99","68.64M","1.75%"
"21/10/2021","298.00","285.33","300.00","285.17","94.44M","3.26%"
"20/10/2021","288.60","288.45","289.83","285.79","42.10M","0.18%"
"19/10/2021","288.09","292.51","292.65","287.50","52.14M","-0.67%"
"18/10/2021","290.04","283.93","291.75","283.82","72.62M","3.21%"
"15/10/2021","281.01","274.58","281.07","274.12","56.77M","3.02%"
"14/10/2021","272.77","271.83","273.42","271.12","36.74M","0.89%"
"13/10/2021","270.36","270.16","271.80","268.59","42.36M","0.67%"
"12/10/2021","268.57","266.98","270.77","265.52","66.06M","1.74%"
"11/10/2021","263.98","262.55","267.08","261.83","42.60M","0.82%"
"08/10/2021","261.83","265.40","265.46","260.30","50.22M","-1.02%"
"07/10/2021","264.54","261.82","268.33","261.13","57.59M","1.39%"
"06/10/2021","260.92","258.73","262.22","257.74","43.90M","0.28%"
"05/10/2021","260.20","261.60","265.77","258.07","55.30M","-0.12%"
"04/10/2021","260.51","265.50","268.99","258.71","91.45M","0.81%"
"01/10/2021","258.41","259.47","260.26","254.53","51.09M","-0.03%"
"30/09/2021","258.49","260.33","263.04","258.33","53.87M","-0.75%"
"29/09/2021","260.44","259.93","264.50","256.89","62.83M","0.48%"
"28/09/2021","259.19","262.40","265.21","255.39","76.14M","-1.74%"
"27/09/2021","263.79","257.71","266.33","256.44","84.21M","2.19%"
"24/09/2021","258.13","248.63","258.27","248.19","64.12M","2.75%"
"23/09/2021","251.21","251.67","252.73","249.31","35.84M","0.23%"
"22/09/2021","250.65","247.84","251.22","246.37","45.38M","1.70%"
"21/09/2021","246.46","244.93","248.25","243.48","48.99M","1.26%"
"20/09/2021","243.39","244.85","247.33","239.54","74.27M","-3.86%"
"17/09/2021","253.16","252.38","253.68","250.00","84.61M","0.33%"
"16/09/2021","252.33","250.94","252.97","249.20","41.77M","0.15%"
"15/09/2021","251.94","248.33","252.29","246.12","46.07M","1.52%"
"14/09/2021","248.16","247.52","251.49","245.47","55.58M","0.20%"
"13/09/2021","247.67","246.74","248.26","236.28","68.86M","0.91%"
"10/09/2021","245.42","253.20","254.20","244.84","45.55M","-2.46%"
"09/09/2021","251.62","251.14","254.03","250.54","42.23M","0.13%"
"08/09/2021","251.29","253.86","254.82","246.92","56.38M","0.13%"
"07/09/2021","250.97","246.67","253.40","246.42","60.12M","2.64%"
"03/09/2021","244.52","244.08","244.67","241.40","45.81M","0.16%"
"02/09/2021","244.13","244.83","246.99","243.51","38.39M","-0.23%"
"01/09/2021","244.70","244.69","247.33","243.76","39.61M","-0.22%"
"31/08/2021","245.24","244.33","246.80","242.15","62.57M","0.66%"
"30/08/2021","243.64","238.24","243.67","237.58","55.81M","2.67%"
"27/08/2021","237.31","235.00","238.33","234.03","41.50M","1.53%"
"26/08/2021","233.72","236.10","238.47","232.54","39.64M","-1.41%"
"25/08/2021","237.07","235.68","238.99","234.67","37.94M","0.38%"
"24/08/2021","236.16","236.89","238.41","234.21","39.25M","0.31%"
"23/08/2021","235.43","228.48","237.38","226.92","60.80M","3.83%"
"20/08/2021","226.75","227.62","230.71","224.57","44.53M","1.01%"
"19/08/2021","224.49","226.07","228.85","222.53","42.94M","-2.25%"
"18/08/2021","229.66","223.25","231.92","223.12","61.05M","3.50%"
"17/08/2021","221.90","224.22","224.86","216.28","71.16M","-2.98%"
"16/08/2021","228.72","235.02","236.50","225.47","69.31M","-4.32%"
"13/08/2021","239.06","241.24","243.30","238.11","50.19M","-0.70%"
"12/08/2021","240.75","235.45","240.93","233.13","53.05M","2.04%"
"11/08/2021","235.94","237.57","238.39","234.74","29.40M","-0.31%"
"10/08/2021","236.66","238.00","238.86","233.96","40.30M","-0.53%"
"09/08/2021","237.92","236.72","239.68","235.04","44.15M","2.10%"
"06/08/2021","233.03","237.30","238.78","232.54","46.87M","-2.17%"
"05/08/2021","238.21","238.67","240.32","237.14","38.76M","0.52%"
"04/08/2021","236.97","237.00","241.63","236.31","51.01M","0.17%"
"03/08/2021","236.58","239.67","240.88","233.67","64.86M","0.01%"
"02/08/2021","236.56","233.33","242.31","232.80","100.85M","3.27%"
"30/07/2021","229.07","223.92","232.51","223.00","88.97M","1.45%"
"29/07/2021","225.78","216.60","227.90","216.27","91.18M","4.69%"
"28/07/2021","215.66","215.66","218.32","213.13","48.02M","0.34%"
"27/07/2021","214.93","221.13","222.17","209.08","98.44M","-1.95%"
"26/07/2021","219.21","216.99","222.73","215.70","76.01M","2.21%"
"23/07/2021","214.46","215.45","216.27","212.43","43.82M","-0.91%"
"22/07/2021","216.42","218.81","220.72","214.87","45.32M","-0.92%"
"21/07/2021","218.43","219.87","221.62","216.76","41.86M","-0.79%"
"20/07/2021","220.17","217.33","220.80","213.50","46.46M","2.21%"
"19/07/2021","215.41","209.96","215.73","207.10","63.89M","0.31%"
"16/07/2021","214.74","218.23","218.90","214.07","49.11M","-0.98%"
"15/07/2021","216.87","219.46","222.05","212.63","60.63M","-0.43%"
"14/07/2021","217.79","223.58","226.20","217.61","64.92M","-2.27%"
"13/07/2021","222.85","228.77","231.09","222.10","62.90M","-2.50%"
"12/07/2021","228.57","220.73","229.08","220.72","77.78M","4.38%"
"09/07/2021","218.98","217.73","219.64","214.90","54.42M","0.63%"
"08/07/2021","217.60","209.46","218.14","206.82","68.32M","1.27%"
"07/07/2021","214.88","221.42","221.90","212.77","56.38M","-2.26%"
"06/07/2021","219.86","227.24","228.00","217.13","69.85M","-2.85%"
"02/07/2021","226.30","226.33","233.33","224.42","81.29M","0.14%"
"01/07/2021","225.97","227.97","229.33","224.27","55.90M","-0.26%"
"30/06/2021","226.57","226.59","230.94","226.05","56.78M","-0.16%"
"29/06/2021","226.92","228.22","229.17","225.30","52.14M","-1.16%"
"28/06/2021","229.57","223.88","231.57","223.44","64.89M","2.51%"
"25/06/2021","223.96","229.86","231.27","222.90","97.49M","-1.17%"
"24/06/2021","226.61","225.00","232.54","222.54","137.95M","3.54%"
"23/06/2021","218.86","210.67","219.07","210.01","93.30M","5.27%"
"22/06/2021","207.90","206.08","209.52","205.17","57.48M","0.46%"
"21/06/2021","206.94","208.16","210.46","202.96","74.44M","-0.40%"
"18/06/2021","207.77","204.46","209.45","203.93","73.68M","1.09%"
"17/06/2021","205.53","200.63","207.16","200.45","68.10M","1.94%"
"16/06/2021","201.62","199.18","202.83","197.83","66.43M","0.92%"
"15/06/2021","199.79","205.56","205.60","199.41","53.29M","-2.97%"
"14/06/2021","205.90","204.08","208.50","203.06","61.27M","1.28%"
"11/06/2021","203.30","203.41","204.19","200.51","48.62M","-0.04%"
"10/06/2021","203.37","201.29","205.53","200.17","71.76M","1.89%"
"09/06/2021","199.59","200.72","203.93","199.21","49.75M","-0.80%"
"08/06/2021","201.20","207.67","207.70","198.50","78.16M","-0.25%"
"07/06/2021","201.71","197.27","203.33","194.29","67.63M","1.01%"
"04/06/2021","199.68","193.24","200.20","192.40","72.11M","4.58%"
"03/06/2021","190.95","200.60","201.52","190.41","90.34M","-5.33%"
"02/06/2021","201.71","206.71","207.79","199.71","69.91M","-3.01%"
"01/06/2021","207.97","209.27","211.27","206.85","54.26M","-0.21%"
"28/05/2021","208.41","209.50","211.86","207.46","68.21M","-0.89%"
"27/05/2021","210.28","206.75","210.38","205.40","79.11M","1.89%"
"26/05/2021","206.38","202.52","208.72","200.50","85.92M","2.39%"
"25/05/2021","201.56","202.44","204.66","198.57","84.02M","-0.29%"
"24/05/2021","202.15","193.87","204.83","191.22","103.67M","4.40%"
"21/05/2021","193.63","198.70","198.89","193.33","78.09M","-1.01%"
"20/05/2021","195.59","191.67","196.28","190.36","92.46M","4.14%"
"19/05/2021","187.82","184.18","188.74","182.33","118.74M","-2.49%"
"18/05/2021","192.62","189.33","198.75","187.79","110.49M","0.18%"
"17/05/2021","192.28","191.85","196.58","187.07","97.17M","-2.19%"
"14/05/2021","196.58","194.47","197.62","190.15","100.11M","3.16%"
"13/05/2021","190.56","200.51","202.15","186.55","132.56M","-3.09%"
"12/05/2021","196.63","200.83","206.80","195.59","101.47M","-4.42%"
"11/05/2021","205.73","199.75","209.03","198.53","139.51M","-1.88%"
"10/05/2021","209.68","221.63","221.68","209.20","94.18M","-6.44%"
"07/05/2021","224.12","221.93","230.00","220.07","70.41M","1.33%"
"06/05/2021","221.18","226.92","227.01","216.67","83.35M","-1.10%"
"05/05/2021","223.65","227.02","228.43","222.45","65.71M","-0.39%"
"04/05/2021","224.53","226.31","227.82","219.23","89.22M","-1.65%"
"03/05/2021","228.30","234.60","235.33","226.83","81.13M","-3.46%"
"30/04/2021","236.48","222.53","238.49","222.05","122.28M","4.79%"
"29/04/2021","225.67","233.17","234.08","222.83","86.54M","-2.51%"
"28/04/2021","231.47","232.14","236.17","231.20","66.81M","-1.47%"
"27/04/2021","234.91","239.32","241.33","234.45","88.31M","-4.53%"
"26/04/2021","246.07","247.00","249.77","244.20","93.12M","1.21%"
"23/04/2021","243.13","239.93","245.79","238.49","85.24M","1.35%"
"22/04/2021","239.90","247.17","251.26","239.35","106.77M","-3.28%"
"21/04/2021","248.04","234.92","248.28","232.67","93.65M","3.50%"
"20/04/2021","239.66","239.14","245.75","236.89","106.83M","0.61%"
"19/04/2021","238.21","239.87","241.80","230.60","119.06M","-3.40%"
"16/04/2021","246.59","242.88","249.80","241.53","83.94M","0.13%"
"15/04/2021","246.28","247.70","247.90","240.44","83.55M","0.90%"
"14/04/2021","244.08","256.90","260.26","242.68","147.05M","-3.95%"
"13/04/2021","254.11","237.57","254.33","236.89","133.96M","8.60%"
"12/04/2021","233.99","228.57","234.93","227.36","87.41M","3.69%"
"09/04/2021","225.67","225.92","226.99","223.14","64.31M","-0.99%"
"08/04/2021","227.93","225.79","229.85","223.88","71.77M","1.91%"
"07/04/2021","223.66","229.00","230.46","222.61","78.93M","-2.99%"
"06/04/2021","230.54","230.10","232.18","227.12","84.82M","0.08%"
"05/04/2021","230.35","235.90","236.05","228.23","125.53M","4.43%"
"01/04/2021","220.58","229.46","230.81","219.81","105.90M","-0.93%"
"31/03/2021","222.64","215.54","224.00","213.70","100.01M","5.08%"
"30/03/2021","211.87","200.58","212.55","197.00","118.30M","3.98%"
"29/03/2021","203.76","205.21","205.49","198.67","85.91M","-1.20%"
"26/03/2021","206.24","213.96","214.61","199.96","101.56M","-3.39%"
"25/03/2021","213.46","204.33","215.17","203.17","117.68M","1.61%"
"24/03/2021","210.09","222.64","222.67","210.04","101.39M","-4.82%"
"23/03/2021","220.72","225.26","225.93","219.17","91.48M","-1.17%"
"22/03/2021","223.33","228.20","233.21","222.92","118.54M","2.31%"
"19/03/2021","218.29","215.53","219.08","208.21","128.68M","0.26%"
"18/03/2021","217.72","228.10","229.74","217.33","100.11M","-6.93%"
"17/03/2021","233.94","218.96","234.58","217.00","121.12M","3.68%"
"16/03/2021","225.63","234.45","235.97","223.67","96.59M","-4.39%"
"15/03/2021","235.98","231.36","237.73","228.01","88.27M","2.05%"
"12/03/2021","231.24","223.33","231.63","222.05","100.75M","-0.84%"
"11/03/2021","233.20","233.13","234.17","225.73","108.76M","4.72%"
"10/03/2021","222.69","233.43","239.28","218.35","181.82M","-0.82%"
"09/03/2021","224.53","202.73","226.03","198.40","202.57M","19.64%"
"08/03/2021","187.67","200.18","206.71","186.26","155.36M","-5.84%"
"05/03/2021","199.32","208.69","209.28","179.83","268.19M","-3.78%"
"04/03/2021","207.15","218.60","222.82","200.00","197.76M","-4.86%"
"03/03/2021","217.73","229.33","233.57","217.23","90.62M","-4.84%"
"02/03/2021","228.81","239.43","240.37","228.33","71.20M","-4.45%"
"01/03/2021","239.48","230.04","239.67","228.35","81.41M","6.36%"
"26/02/2021","225.17","233.33","235.57","219.84","123.27M","-0.99%"
"25/02/2021","227.41","242.05","245.74","223.53","117.07M","-8.06%"
"24/02/2021","247.34","237.28","248.33","231.39","110.30M","6.18%"
"23/02/2021","232.95","220.71","237.87","206.33","199.82M","-2.19%"
"22/02/2021","238.17","254.21","256.17","236.73","111.81M","-8.55%"
"19/02/2021","260.43","265.00","265.60","259.12","56.88M","-0.77%"
"18/02/2021","262.46","260.30","264.90","258.76","53.87M","-1.35%"
"17/02/2021","266.05","259.70","266.61","254.00","78.24M","0.24%"
"16/02/2021","265.41","272.67","273.67","264.15","59.41M","-2.44%"
"12/02/2021","272.04","267.09","272.44","261.78","71.31M","0.55%"
"11/02/2021","270.55","270.81","276.63","267.24","64.87M","0.85%"
"10/02/2021","268.27","281.21","281.61","266.67","108.65M","-5.26%"
"09/02/2021","283.15","285.04","286.60","280.58","45.47M","-1.62%"
"08/02/2021","287.81","289.89","292.59","284.92","60.49M","1.31%"
"05/02/2021","284.08","281.67","288.26","279.66","55.70M","0.26%"
"04/02/2021","283.33","285.00","285.50","277.81","47.44M","-0.55%"
"03/02/2021","284.90","292.34","292.69","284.35","55.03M","-2.07%"
"02/02/2021","290.93","281.56","293.50","280.73","73.04M","3.93%"
"01/02/2021","279.94","271.43","280.67","265.19","76.17M","5.83%"
"29/01/2021","264.51","276.67","280.80","260.03","104.97M","-5.02%"
"28/01/2021","278.48","273.33","282.67","267.00","79.13M","-3.32%"
"27/01/2021","288.05","290.12","297.17","286.22","82.00M","-2.14%"
"26/01/2021","294.36","297.13","298.63","290.53","69.40M","0.26%"
"25/01/2021","293.60","285.00","300.13","279.61","123.52M","4.03%"
"22/01/2021","282.21","278.10","282.67","276.21","60.20M","0.20%"
"21/01/2021","281.66","285.00","285.24","280.47","61.79M","-0.64%"
"20/01/2021","283.48","286.25","286.50","279.09","77.00M","0.70%"
"19/01/2021","281.52","279.27","283.33","277.67","76.10M","2.23%"
"15/01/2021","275.39","284.00","286.63","273.03","116.33M","-2.23%"
"14/01/2021","281.67","281.13","287.67","279.58","93.80M","-1.10%"
"13/01/2021","284.80","284.25","286.82","277.33","99.94M","0.59%"
"12/01/2021","283.15","277.00","289.33","275.78","138.81M","4.72%"
"11/01/2021","270.40","283.13","284.81","267.87","178.66M","-7.82%"
"08/01/2021","293.34","285.33","294.83","279.46","225.17M","7.84%"
"07/01/2021","272.01","259.21","272.33","258.40","154.50M","7.94%"
"06/01/2021","251.99","252.83","258.00","249.70","134.10M","2.84%"
"05/01/2021","245.04","241.22","246.95","239.73","96.74M","0.73%"
"04/01/2021","243.26","239.82","248.16","239.06","145.92M","3.42%"
"31/12/2020","235.22","233.33","239.57","230.37","148.95M","1.57%"
"30/12/2020","231.59","224.00","232.20","222.79","128.54M","4.32%"
"29/12/2020","222.00","220.33","223.30","218.33","68.73M","0.35%"
"28/12/2020","221.23","224.84","227.13","220.27","96.84M","0.29%"
"24/12/2020","220.59","214.33","222.03","213.67","68.60M","2.44%"
"23/12/2020","215.33","210.73","217.17","207.52","99.52M","0.88%"
"22/12/2020","213.45","216.00","216.63","204.74","155.58M","-1.46%"
"21/12/2020","216.62","222.08","222.83","215.36","174.14M","-6.49%"
"18/12/2020","231.67","222.97","231.67","209.51","666.38M","5.96%"
"17/12/2020","218.63","209.40","219.61","206.50","168.81M","5.32%"
"16/12/2020","207.59","209.41","210.83","201.67","126.29M","-1.65%"
"15/12/2020","211.08","214.43","215.63","207.93","135.67M","-1.03%"
"14/12/2020","213.28","206.33","214.25","203.40","156.12M","4.89%"
"11/12/2020","203.33","205.00","208.00","198.93","139.42M","-2.72%"
"10/12/2020","209.02","191.46","209.25","188.78","201.25M","3.74%"
"09/12/2020","201.49","217.90","218.11","196.00","213.87M","-6.99%"
"08/12/2020","216.63","208.50","217.09","206.17","192.80M","1.27%"
"07/12/2020","213.92","201.64","216.26","201.02","168.93M","7.13%"
"04/12/2020","199.68","197.00","199.68","195.17","88.20M","0.95%"
"03/12/2020","197.79","196.67","199.66","194.14","127.66M","4.32%"
"02/12/2020","189.61","185.48","190.51","180.40","143.33M","-2.73%"
"01/12/2020","194.92","199.20","199.28","190.68","121.15M","3.02%"
"30/11/2020","189.20","200.74","202.60","184.84","189.01M","-3.10%"
"27/11/2020","195.25","193.72","199.59","192.82","112.68M","2.05%"
"25/11/2020","191.33","183.35","191.33","181.79","146.79M","3.35%"
"24/11/2020","185.13","180.13","186.66","175.40","160.95M","6.43%"
"23/11/2020","173.95","167.83","175.33","167.26","150.78M","6.58%"
"20/11/2020","163.20","166.00","167.50","163.02","98.74M","-1.93%"
"19/11/2020","166.42","164.00","169.54","162.52","187.43M","2.60%"
"18/11/2020","162.21","149.45","165.33","147.83","234.13M","10.20%"
"17/11/2020","147.20","153.39","154.00","144.34","183.56M","8.21%"
"16/11/2020","136.03","136.31","137.48","134.70","80.52M","-0.10%"
"13/11/2020","136.17","136.95","137.51","133.89","59.49M","-0.79%"
"12/11/2020","137.25","138.35","141.00","136.51","59.82M","-1.29%"
"11/11/2020","139.04","138.82","139.56","136.86","52.07M","1.65%"
"10/11/2020","136.79","140.03","140.03","132.01","90.85M","-2.59%"
"09/11/2020","140.42","146.50","150.83","140.33","104.50M","-2.02%"
"06/11/2020","143.32","145.37","145.52","141.43","65.12M","-1.86%"
"05/11/2020","146.03","142.77","146.67","141.33","85.24M","4.06%"
"04/11/2020","140.33","143.54","145.13","139.03","96.43M","-0.69%"
"03/11/2020","141.30","136.58","142.59","135.56","103.06M","5.84%"
"02/11/2020","133.50","131.33","135.66","130.77","87.06M","3.21%"
"30/10/2020","129.35","135.63","135.86","126.37","127.76M","-5.55%"
"29/10/2020","136.94","136.65","139.35","135.49","67.97M","1.18%"
"28/10/2020","135.34","138.83","139.53","135.33","76.35M","-4.39%"
"27/10/2020","141.56","141.25","143.50","140.03","68.06M","1.05%"
"26/10/2020","140.09","137.21","141.92","136.67","84.72M","-0.08%"
"23/10/2020","140.21","140.61","140.96","135.79","101.15M","-1.21%"
"22/10/2020","141.93","147.31","148.41","141.50","119.98M","0.75%"
"21/10/2020","140.88","140.90","144.32","140.42","97.11M","0.17%"
"20/10/2020","140.65","143.92","143.92","139.68","94.97M","-2.06%"
"19/10/2020","143.61","148.75","149.00","142.96","108.86M","-2.01%"
"16/10/2020","146.56","151.48","151.98","146.28","98.33M","-2.05%"
"15/10/2020","149.63","150.10","152.19","147.50","107.02M","-2.69%"
"14/10/2020","153.77","149.93","155.30","149.12","144.14M","3.28%"
"13/10/2020","148.88","147.78","149.63","145.53","103.39M","0.98%"
"12/10/2020","147.43","147.33","149.58","146.19","116.37M","1.91%"
"09/10/2020","144.67","143.38","144.86","142.15","86.78M","1.90%"
"08/10/2020","141.97","146.15","146.33","141.77","121.26M","0.15%"
"07/10/2020","141.77","139.96","143.30","137.95","129.38M","2.73%"
"06/10/2020","137.99","141.26","142.93","135.35","147.44M","-2.75%"
"05/10/2020","141.89","141.12","144.55","139.78","134.17M","2.55%"
"02/10/2020","138.36","140.46","146.38","138.33","214.29M","-7.38%"
"01/10/2020","149.39","146.92","149.63","144.81","152.22M","4.46%"
"30/09/2020","143.00","140.44","144.64","140.16","144.44M","2.37%"
"29/09/2020","139.69","138.67","142.83","137.20","151.02M","-0.51%"
"28/09/2020","140.40","141.54","142.69","138.52","149.16M","3.40%"
"25/09/2020","135.78","131.16","136.24","130.43","201.63M","5.04%"
"24/09/2020","129.26","121.27","133.17","117.10","289.68M","1.95%"
"23/09/2020","126.79","135.05","137.38","125.29","285.22M","-10.34%"
"22/09/2020","141.41","143.20","145.92","139.20","238.74M","-5.60%"
"21/09/2020","149.80","151.04","151.89","135.69","328.43M","1.64%"
"18/09/2020","147.38","149.31","150.33","142.93","259.22M","4.42%"
"17/09/2020","141.14","138.53","145.93","136.00","230.34M","-4.15%"
"16/09/2020","147.25","146.62","152.60","145.10","217.64M","-1.78%"
"15/09/2020","149.92","145.52","153.98","143.57","291.90M","7.18%"
"14/09/2020","139.87","126.98","140.00","124.43","249.06M","12.58%"
"11/09/2020","124.24","127.31","127.50","120.17","182.15M","0.37%"
"10/09/2020","123.78","128.74","133.00","120.19","254.79M","1.38%"
"09/09/2020","122.09","118.87","123.00","113.84","238.40M","10.92%"
"08/09/2020","110.07","118.67","122.91","109.96","346.40M","-21.06%"
"04/09/2020","139.44","134.27","142.67","124.01","330.97M","2.78%"
"03/09/2020","135.67","135.74","143.93","134.00","262.79M","-9.02%"
"02/09/2020","149.12","159.66","159.68","135.04","288.53M","-5.83%"
"01/09/2020","158.35","167.38","167.50","156.84","270.36M","-4.67%"
"31/08/2020","166.11","148.20","166.71","146.70","355.12M","12.57%"
"28/08/2020","147.56","153.01","154.57","145.77","301.22M","-1.13%"
"27/08/2020","149.25","145.36","153.04","142.83","355.40M","3.97%"
"26/08/2020","143.54","137.33","144.40","136.91","213.59M","6.42%"
"25/08/2020","134.89","131.66","135.20","131.20","159.88M","0.45%"
"24/08/2020","134.28","141.75","141.93","128.50","300.96M","-1.75%"
"21/08/2020","136.67","136.32","139.70","135.00","322.34M","2.41%"
"20/08/2020","133.46","124.05","134.80","123.80","309.18M","6.56%"
"19/08/2020","125.24","124.33","127.40","122.75","183.08M","-0.45%"
"18/08/2020","125.81","126.60","128.26","123.01","247.12M","2.80%"
"17/08/2020","122.38","111.80","123.06","111.52","303.64M","11.20%"
"14/08/2020","110.05","111.00","111.25","108.44","188.66M","1.83%"
"13/08/2020","108.07","107.40","110.08","104.48","306.38M","4.26%"
"12/08/2020","103.65","98.00","105.67","95.67","328.48M","13.12%"
"11/08/2020","91.63","93.07","94.67","91.00","129.39M","-3.11%"
"10/08/2020","94.57","96.53","97.17","92.39","112.83M","-2.35%"
"07/08/2020","96.85","99.97","99.98","94.33","133.45M","-2.48%"
"06/08/2020","99.31","99.39","101.15","98.48","89.89M","0.31%"
"05/08/2020","99.00","99.53","99.99","97.89","74.67M","-0.13%"
"04/08/2020","99.13","99.67","101.83","97.47","126.23M","0.13%"
"03/08/2020","99.00","96.61","100.65","96.29","132.14M","3.79%"
"31/07/2020","95.38","101.00","101.14","94.73","183.70M","-3.81%"
"30/07/2020","99.17","99.20","100.88","98.07","114.32M","-0.78%"
"29/07/2020","99.94","100.07","102.32","99.13","141.40M","1.53%"
"28/07/2020","98.43","100.27","104.31","98.29","237.13M","-4.10%"
"27/07/2020","102.64","95.67","103.20","94.20","240.73M","8.65%"
"24/07/2020","94.47","94.40","97.67","91.10","290.95M","-6.34%"
"23/07/2020","100.87","111.93","112.60","98.72","364.93M","-4.98%"
"22/07/2020","106.16","106.60","108.43","104.13","212.42M","1.53%"
"21/07/2020","104.56","109.33","111.67","103.87","242.36M","-4.54%"
"20/07/2020","109.53","101.27","110.00","99.20","256.82M","9.46%"
"17/07/2020","100.06","100.90","102.50","99.33","139.95M","0.02%"
"16/07/2020","100.04","98.48","102.11","97.73","214.51M","-2.94%"
"15/07/2020","103.07","102.87","103.33","97.13","245.52M","1.93%"
"14/07/2020","101.12","103.73","106.00","95.40","351.27M","1.32%"
"13/07/2020","99.80","110.60","119.67","98.07","584.78M","-3.09%"
"10/07/2020","102.98","93.07","103.26","91.73","350.06M","10.79%"
"09/07/2020","92.95","93.13","93.90","90.09","175.76M","2.08%"
"08/07/2020","91.06","93.67","94.48","87.42","244.67M","-1.73%"
"07/07/2020","92.66","93.67","95.30","89.11","322.35M","1.33%"
"06/07/2020","91.44","85.11","91.85","84.40","308.55M","13.48%"
"02/07/2020","80.58","81.43","81.87","79.04","258.75M","7.96%"
"01/07/2020","74.64","72.20","75.69","72.03","199.90M","3.68%"
"30/06/2020","71.99","67.10","72.51","66.92","253.78M","6.98%"
"29/06/2020","67.29","64.60","67.33","63.23","135.40M","5.17%"
"26/06/2020","63.98","66.32","66.33","63.66","132.82M","-2.66%"
"25/06/2020","65.73","63.62","65.73","62.48","138.82M","2.61%"
"24/06/2020","64.06","66.27","66.73","63.54","164.39M","-4.09%"
"23/06/2020","66.79","66.59","67.47","66.27","95.48M","0.75%"
"22/06/2020","66.29","66.66","67.26","66.00","95.44M","-0.66%"
"19/06/2020","66.73","67.52","67.73","66.09","130.20M","-0.30%"
"18/06/2020","66.93","66.87","67.95","66.30","146.28M","1.23%"
"17/06/2020","66.12","65.85","67.00","65.50","148.36M","0.98%"
"16/06/2020","65.48","67.46","67.53","64.16","210.77M","-0.88%"
"15/06/2020","66.06","61.19","66.59","60.57","235.46M","5.95%"
"12/06/2020","62.35","65.33","65.87","60.84","251.45M","-3.87%"
"11/06/2020","64.86","66.01","67.93","64.80","238.75M","-5.09%"
"10/06/2020","68.34","66.13","68.50","65.50","278.45M","8.98%"
"09/06/2020","62.71","62.67","63.63","61.60","170.82M","-0.98%"
"08/06/2020","63.33","61.27","63.33","60.61","212.62M","7.27%"
"05/06/2020","59.04","58.52","59.10","57.75","117.18M","2.45%"
"04/06/2020","57.63","59.33","59.72","57.23","133.32M","-2.09%"
"03/06/2020","58.86","59.21","59.86","58.67","119.24M","0.15%"
"02/06/2020","58.77","59.65","60.58","58.07","203.48M","-1.84%"
"01/06/2020","59.87","57.20","59.93","56.94","226.28M","7.54%"
"29/05/2020","55.67","53.92","55.67","53.61","177.19M","3.63%"
"28/05/2020","53.72","54.23","54.98","53.45","109.14M","-1.76%"
"27/05/2020","54.68","54.72","55.18","52.33","173.24M","0.16%"
"26/05/2020","54.59","55.63","55.64","54.38","121.35M","0.24%"
"22/05/2020","54.46","54.81","55.45","54.13","149.81M","-1.29%"
"21/05/2020","55.17","54.40","55.50","53.07","183.82M","1.47%"
"20/05/2020","54.37","54.70","55.07","54.12","109.64M","0.93%"
"19/05/2020","53.87","54.34","54.80","53.74","144.55M","-0.68%"
"18/05/2020","54.24","55.19","55.65","53.59","175.47M","1.80%"
"15/05/2020","53.28","52.69","53.67","52.44","157.78M","-0.52%"
"14/05/2020","53.56","52.00","53.56","50.93","205.23M","1.57%"
"13/05/2020","52.73","54.72","55.07","50.89","285.98M","-2.28%"
"12/05/2020","53.96","55.13","56.22","53.87","238.60M","-0.24%"
"11/05/2020","54.09","52.70","54.93","52.33","247.79M","-0.99%"
"08/05/2020","54.63","52.92","54.93","52.47","241.95M","5.06%"
"07/05/2020","52.00","51.81","53.09","51.49","172.92M","-0.33%"
"06/05/2020","52.17","51.77","52.65","50.74","166.85M","1.87%"
"05/05/2020","51.21","52.65","53.26","50.81","254.88M","0.91%"
"04/05/2020","50.75","46.73","50.80","46.53","288.56M","8.56%"
"01/05/2020","46.75","50.33","51.52","45.54","487.98M","-10.32%"
"30/04/2020","52.13","57.01","57.99","50.90","427.08M","-2.32%"
"29/04/2020","53.37","52.68","53.55","52.21","243.24M","4.10%"
"28/04/2020","51.27","53.04","53.67","50.45","228.33M","-3.72%"
"27/04/2020","53.25","49.17","53.30","49.00","310.22M","10.16%"
"24/04/2020","48.34","47.39","48.72","46.55","198.56M","2.76%"
"23/04/2020","47.04","48.51","48.93","46.88","198.55M","-3.63%"
"22/04/2020","48.81","46.93","48.93","45.91","213.37M","6.62%"
"21/04/2020","45.78","48.67","50.22","44.92","303.14M","-8.00%"
"20/04/2020","49.76","48.85","51.04","47.48","221.20M","-0.99%"
"17/04/2020","50.26","51.49","51.66","49.84","196.92M","1.17%"
"16/04/2020","49.68","47.80","50.63","47.11","309.87M","2.10%"
"15/04/2020","48.66","49.47","50.21","47.33","353.66M","2.81%"
"14/04/2020","47.33","46.60","49.46","46.16","458.65M","9.06%"
"13/04/2020","43.40","39.34","43.47","38.70","337.13M","13.61%"
"09/04/2020","38.20","37.47","38.35","37.14","204.75M","4.40%"
"08/04/2020","36.59","36.95","37.15","35.56","189.84M","0.63%"
"07/04/2020","36.36","36.33","37.67","35.49","268.80M","5.64%"
"06/04/2020","34.42","34.08","34.73","33.20","223.53M","7.56%"
"03/04/2020","32.00","33.97","34.37","31.23","338.43M","5.61%"
"02/04/2020","30.30","32.07","32.95","29.76","297.88M","-5.61%"
"01/04/2020","32.10","33.60","34.26","31.67","200.30M","-8.10%"
"31/03/2020","34.93","33.42","36.20","33.13","266.57M","4.33%"
"30/03/2020","33.48","34.02","34.44","32.75","179.97M","-2.36%"
"27/03/2020","34.29","33.67","35.05","32.94","215.66M","-2.61%"
"26/03/2020","35.21","36.49","37.33","34.15","261.33M","-2.06%"
"25/03/2020","35.95","36.35","37.13","34.07","318.34M","6.77%"
"24/03/2020","33.67","31.82","34.25","31.60","343.43M","16.30%"
"23/03/2020","28.95","28.91","29.47","27.37","246.82M","1.58%"
"20/03/2020","28.50","29.21","31.80","28.39","424.28M","-0.04%"
"19/03/2020","28.51","24.98","30.13","23.90","452.93M","18.40%"
"18/03/2020","24.08","25.93","26.99","23.37","356.79M","-16.04%"
"17/03/2020","28.68","29.33","31.46","26.40","359.92M","-3.34%"
"16/03/2020","29.67","31.30","32.99","29.48","307.34M","-18.58%"
"13/03/2020","36.44","39.67","40.50","33.47","339.60M","-2.49%"
"12/03/2020","37.37","38.73","39.63","36.42","283.64M","-11.61%"
"11/03/2020","42.28","42.68","43.57","40.87","201.20M","-1.72%"
"10/03/2020","43.02","43.96","44.53","40.53","233.92M","6.14%"
"09/03/2020","40.53","40.36","44.20","40.33","256.11M","-13.58%"
"06/03/2020","46.90","46.00","47.13","45.62","189.94M","-2.90%"
"05/03/2020","48.30","48.25","49.72","47.87","162.79M","-3.34%"
"04/03/2020","49.97","50.93","51.10","48.32","225.73M","0.54%"
"03/03/2020","49.70","53.67","53.80","47.74","386.76M","0.26%"
"02/03/2020","49.57","47.42","49.58","45.78","302.93M","11.32%"
"28/02/2020","44.53","41.98","46.03","40.77","368.46M","-1.63%"
"27/02/2020","45.27","48.67","49.32","44.60","364.16M","-12.81%"
"26/02/2020","51.92","52.17","54.22","51.74","212.31M","-2.64%"
"25/02/2020","53.33","56.60","57.11","52.47","259.36M","-4.07%"
"24/02/2020","55.59","55.93","57.57","54.81","227.88M","-7.46%"
"21/02/2020","60.07","60.47","60.87","58.70","215.09M","0.18%"
"20/02/2020","59.96","60.80","60.80","57.33","264.52M","-1.96%"
"19/02/2020","61.16","61.57","62.99","60.07","381.34M","6.87%"
"18/02/2020","57.23","56.11","57.33","55.49","250.48M","7.29%"
"14/02/2020","53.34","52.48","54.20","52.37","235.41M","-0.49%"
"13/02/2020","53.60","49.46","54.53","49.00","394.34M","4.79%"
"12/02/2020","51.15","51.86","52.65","50.89","180.34M","-0.93%"
"11/02/2020","51.63","51.25","52.23","50.53","175.46M","0.41%"
"10/02/2020","51.42","53.33","54.67","50.16","370.34M","3.11%"
"07/02/2020","49.87","48.70","51.32","48.67","255.95M","-0.12%"
"06/02/2020","49.93","46.66","53.06","45.80","598.21M","1.94%"
"05/02/2020","48.98","54.88","56.40","46.94","726.36M","-17.18%"
"04/02/2020","59.14","58.86","64.60","55.59","914.08M","13.73%"
"03/02/2020","52.00","44.91","52.41","44.90","708.50M","19.90%"
"31/01/2020","43.37","42.67","43.53","42.17","235.79M","1.52%"
"30/01/2020","42.72","42.16","43.39","41.20","435.09M","10.30%"
"29/01/2020","38.73","38.38","39.32","37.83","273.25M","2.49%"
"28/01/2020","37.79","37.90","38.45","37.21","176.83M","1.59%"
"27/01/2020","37.20","36.13","37.63","35.95","204.12M","-1.20%"
"24/01/2020","37.65","38.04","38.26","36.95","215.30M","-1.31%"
"23/01/2020","38.15","37.62","38.80","37.04","294.77M","0.47%"
"22/01/2020","37.97","38.13","39.63","37.27","470.54M","4.08%"
"21/01/2020","36.48","35.35","36.57","35.23","267.05M","7.20%"
"17/01/2020","34.03","33.84","34.38","33.54","204.44M","-0.58%"
"16/01/2020","34.23","32.92","34.30","32.81","326.05M","-0.98%"
"15/01/2020","34.57","35.32","35.86","34.45","260.53M","-3.60%"
"14/01/2020","35.86","36.28","36.49","34.99","435.92M","2.49%"
"13/01/2020","34.99","32.90","35.04","32.80","399.52M","9.76%"
"10/01/2020","31.88","32.12","32.33","31.58","194.65M","-0.65%"
"09/01/2020","32.09","33.14","33.25","31.52","426.95M","-2.19%"
"08/01/2020","32.81","31.58","33.23","31.22","467.99M","4.92%"
"07/01/2020","31.27","30.76","31.44","30.22","273.14M","3.89%"
"06/01/2020","30.10","29.36","30.10","29.33","152.36M","1.93%"
"03/01/2020","29.53","29.37","30.27","29.13","266.92M","2.96%"
"02/01/2020","28.68","28.30","28.71","28.11","143.38M","2.83%"
"31/12/2019","27.89","27.00","28.09","26.81","154.39M","0.87%"
"30/12/2019","27.65","28.59","28.60","27.28","189.02M","-3.62%"
"27/12/2019","28.69","29.00","29.02","28.41","149.35M","-0.14%"
"26/12/2019","28.73","28.53","28.90","28.42","159.72M","1.34%"
"24/12/2019","28.35","27.89","28.36","27.51","120.82M","1.43%"
"23/12/2019","27.95","27.45","28.13","27.33","199.99M","3.37%"
"20/12/2019","27.04","27.35","27.53","26.68","221.78M","0.37%"
"19/12/2019","26.94","26.49","27.12","26.43","271.80M","2.79%"
"18/12/2019","26.21","25.38","26.35","25.37","212.05M","3.72%"
"17/12/2019","25.27","25.27","25.70","25.06","127.56M","-0.63%"
"16/12/2019","25.43","24.17","25.57","24.17","273.31M","6.45%"
"13/12/2019","23.89","24.07","24.35","23.64","98.61M","-0.38%"
"12/12/2019","23.98","23.66","24.18","23.55","116.64M","2.00%"
"11/12/2019","23.51","23.46","23.81","23.41","103.79M","1.07%"
"10/12/2019","23.26","22.66","23.38","22.62","132.60M","2.74%"
"09/12/2019","22.64","22.44","22.96","22.34","135.60M","1.12%"
"06/12/2019","22.39","22.33","22.59","22.32","114.28M","1.68%"
"05/12/2019","22.02","22.19","22.29","21.82","56.05M","-0.81%"
"04/12/2019","22.20","22.52","22.52","22.19","83.04M","-0.94%"
"03/12/2019","22.41","22.17","22.53","22.15","99.20M","0.40%"
"02/12/2019","22.32","21.96","22.43","21.91","91.23M","1.45%"
"29/11/2019","22.00","22.07","22.08","21.83","36.98M","-0.41%"
"27/11/2019","22.09","22.07","22.26","21.90","83.45M","0.73%"
"26/11/2019","21.93","22.35","22.37","21.81","119.34M","-2.19%"
"25/11/2019","22.42","22.95","22.97","22.30","185.19M","0.99%"
"22/11/2019","22.20","22.68","22.73","22.00","253.06M","-6.17%"
"21/11/2019","23.66","23.63","24.06","23.60","91.65M","0.77%"
"20/11/2019","23.48","24.00","24.08","23.30","101.01M","-2.04%"
"19/11/2019","23.97","23.45","24.00","23.19","116.04M","2.74%"
"18/11/2019","23.33","23.53","23.54","23.07","66.13M","-0.64%"
"15/11/2019","23.48","23.38","23.52","23.22","72.19M","0.82%"
"14/11/2019","23.29","23.07","23.59","22.86","97.08M","0.95%"
"13/11/2019","23.07","23.67","23.76","23.01","127.02M","-1.11%"
"12/11/2019","23.33","23.13","23.36","22.94","110.39M","1.39%"
"11/11/2019","23.01","22.93","23.28","22.80","149.91M","2.36%"
"08/11/2019","22.48","22.30","22.50","22.17","91.11M","0.49%"
"07/11/2019","22.37","21.94","22.77","21.87","217.01M","2.76%"
"06/11/2019","21.77","21.20","21.78","20.97","119.11M","2.93%"
"05/11/2019","21.15","21.31","21.57","21.07","104.15M","-0.05%"
"04/11/2019","21.16","20.99","21.46","20.62","131.81M","1.29%"
"01/11/2019","20.89","21.09","21.10","20.65","95.76M","-0.48%"
"31/10/2019","20.99","20.87","21.27","20.87","76.00M","-0.05%"
"30/10/2019","21.00","20.87","21.25","20.66","144.63M","-0.38%"
"29/10/2019","21.08","21.33","21.62","20.98","190.26M","-3.52%"
"28/10/2019","21.85","21.84","22.72","21.51","283.05M","-0.14%"
"25/10/2019","21.88","19.85","22.00","19.74","450.09M","9.51%"
"24/10/2019","19.98","19.89","20.33","19.28","447.29M","17.67%"
"23/10/2019","16.98","16.97","17.08","16.76","168.24M","-0.35%"
"22/10/2019","17.04","16.95","17.22","16.72","69.38M","0.83%"
"21/10/2019","16.90","17.22","17.30","16.68","76.62M","-1.34%"
"18/10/2019","17.13","17.38","17.52","17.01","86.31M","-1.89%"
"17/10/2019","17.46","17.50","17.65","17.34","71.69M","0.81%"
"16/10/2019","17.32","17.16","17.47","17.13","100.56M","0.76%"
"15/10/2019","17.19","17.18","17.33","16.94","97.19M","0.35%"
"14/10/2019","17.13","16.53","17.24","16.48","153.40M","3.63%"
"11/10/2019","16.53","16.48","16.74","16.45","127.32M","1.29%"
"10/10/2019","16.32","16.35","16.62","16.11","94.70M","0.12%"
"09/10/2019","16.30","16.09","16.49","16.04","104.03M","1.87%"
"08/10/2019","16.00","15.72","16.26","15.63","130.54M","0.95%"
"07/10/2019","15.85","15.32","15.90","15.24","121.30M","2.72%"
"04/10/2019","15.43","15.44","15.65","15.20","120.32M","-0.71%"
"03/10/2019","15.54","15.46","15.63","14.95","227.07M","-4.13%"
"02/10/2019","16.21","16.22","16.31","15.96","93.85M","-0.61%"
"01/10/2019","16.31","16.10","16.40","15.94","92.94M","1.56%"
"30/09/2019","16.06","16.20","16.27","15.74","89.19M","-0.50%"
"27/09/2019","16.14","16.15","16.58","15.92","166.85M","-0.19%"
"26/09/2019","16.17","15.38","16.22","15.16","181.18M","6.03%"
"25/09/2019","15.25","14.97","15.27","14.56","141.66M","2.49%"
"24/09/2019","14.88","16.10","16.13","14.84","194.12M","-7.46%"
"23/09/2019","16.08","16.00","16.35","15.95","65.87M","0.25%"
"20/09/2019","16.04","16.43","16.46","15.88","97.59M","-2.43%"
"19/09/2019","16.44","16.40","16.53","16.32","73.25M","1.29%"
"18/09/2019","16.23","16.33","16.54","16.16","63.42M","-0.55%"
"17/09/2019","16.32","16.16","16.37","16.02","59.20M","0.80%"
"16/09/2019","16.19","16.40","16.50","16.08","70.92M","-0.98%"
"13/09/2019","16.35","16.46","16.56","16.32","79.70M","-0.24%"
"12/09/2019","16.39","16.51","16.90","16.29","128.72M","-0.49%"
"11/09/2019","16.47","15.83","16.54","15.73","150.64M","4.90%"
"10/09/2019","15.70","15.39","15.70","15.26","73.26M","1.62%"
"09/09/2019","15.45","15.33","15.58","15.28","72.04M","1.91%"
"06/09/2019","15.16","15.15","15.31","15.01","62.84M","-0.98%"
"05/09/2019","15.31","14.83","15.32","14.72","111.05M","4.08%"
"04/09/2019","14.71","15.13","15.23","14.61","86.53M","-1.93%"
"03/09/2019","15.00","14.94","15.26","14.88","80.41M","-0.27%"
"30/08/2019","15.04","15.28","15.50","14.95","139.92M","1.76%"
"29/08/2019","14.78","14.60","14.89","14.53","77.75M","2.85%"
"28/08/2019","14.37","14.25","14.48","14.15","48.58M","0.70%"
"27/08/2019","14.27","14.38","14.59","14.14","81.31M","-0.42%"
"26/08/2019","14.33","14.24","14.33","14.10","75.82M","1.70%"
"23/08/2019","14.09","14.66","14.74","14.07","128.40M","-4.86%"
"22/08/2019","14.81","14.85","15.03","14.55","98.47M","0.61%"
"21/08/2019","14.72","14.80","14.88","14.51","117.00M","-2.26%"
"20/08/2019","15.06","15.17","15.27","14.97","62.56M","-0.40%"
"19/08/2019","15.12","14.95","15.19","14.78","79.68M","3.14%"
"16/08/2019","14.66","14.44","14.82","14.40","78.11M","1.95%"
"15/08/2019","14.38","14.72","14.77","14.10","123.48M","-1.78%"
"14/08/2019","14.64","15.41","15.43","14.45","143.44M","-6.57%"
"13/08/2019","15.67","15.25","15.73","15.17","73.04M","2.62%"
"12/08/2019","15.27","15.53","15.72","15.25","69.96M","-2.55%"
"09/08/2019","15.67","15.74","15.93","15.59","58.47M","-1.38%"
"08/08/2019","15.89","15.63","15.99","15.51","79.12M","2.12%"
"07/08/2019","15.56","15.10","15.57","15.05","71.65M","1.17%"
"06/08/2019","15.38","15.46","15.50","15.05","83.46M","1.05%"
"05/08/2019","15.22","15.31","15.42","15.05","105.42M","-2.56%"
"02/08/2019","15.62","15.42","15.75","15.28","92.05M","0.19%"
"01/08/2019","15.59","16.18","16.30","15.45","123.89M","-3.23%"
"31/07/2019","16.11","16.20","16.45","15.78","137.67M","-0.25%"
"30/07/2019","16.15","15.53","16.22","15.48","121.64M","2.74%"
"29/07/2019","15.72","15.14","15.73","15.07","139.10M","3.42%"
"26/07/2019","15.20","15.13","15.35","14.82","150.42M","-0.33%"
"25/07/2019","15.25","15.57","15.63","15.04","336.27M","-13.65%"
"24/07/2019","17.66","17.28","17.74","17.21","166.09M","1.85%"
"23/07/2019","17.34","17.11","17.37","16.97","75.35M","1.70%"
"22/07/2019","17.05","17.25","17.48","16.95","102.69M","-0.93%"
"19/07/2019","17.21","17.05","17.33","16.97","105.73M","1.83%"
"18/07/2019","16.90","17.00","17.05","16.79","71.47M","-0.53%"
"17/07/2019","16.99","17.04","17.22","16.89","146.47M","0.95%"
"16/07/2019","16.83","16.62","16.90","16.53","122.23M","-0.41%"
"15/07/2019","16.90","16.53","16.96","16.32","165.00M","3.43%"
"12/07/2019","16.34","15.98","16.36","15.98","138.01M","2.70%"
"11/07/2019","15.91","15.88","16.10","15.72","112.72M","-0.13%"
"10/07/2019","15.93","15.61","15.93","15.54","137.19M","3.85%"
"09/07/2019","15.34","15.26","15.40","15.15","92.86M","-0.13%"
"08/07/2019","15.36","15.42","15.48","15.24","88.21M","-1.16%"
"05/07/2019","15.54","15.64","15.70","15.39","105.99M","-0.77%"
"03/07/2019","15.66","15.96","16.10","15.63","213.02M","4.61%"
"02/07/2019","14.97","15.26","15.28","14.81","138.89M","-1.12%"
"01/07/2019","15.14","15.35","15.54","15.09","123.57M","1.61%"
"28/06/2019","14.90","14.73","15.01","14.72","102.77M","0.27%"
"27/06/2019","14.86","14.63","14.86","14.49","95.10M","1.64%"
"26/06/2019","14.62","14.69","15.15","14.54","127.61M","-0.20%"
"25/06/2019","14.65","14.96","15.02","14.63","92.73M","-1.74%"
"24/06/2019","14.91","14.88","15.06","14.73","86.26M","0.81%"
"21/06/2019","14.79","14.41","14.81","14.37","123.03M","1.02%"
"20/06/2019","14.64","14.87","15.13","14.42","177.95M","-3.05%"
"19/06/2019","15.10","15.01","15.18","14.74","98.63M","0.80%"
"18/06/2019","14.98","15.25","15.65","14.84","190.74M","-0.13%"
"17/06/2019","15.00","14.37","15.13","14.28","184.75M","4.68%"
"14/06/2019","14.33","14.08","14.44","14.03","111.50M","0.49%"
"13/06/2019","14.26","14.03","14.33","13.83","122.52M","2.22%"
"12/06/2019","13.95","14.86","14.89","13.93","227.96M","-3.59%"
"11/06/2019","14.47","14.61","14.73","14.23","174.80M","1.97%"
"10/06/2019","14.19","14.02","14.46","13.93","158.78M","4.11%"
"07/06/2019","13.63","13.67","14.06","13.57","240.05M","-0.73%"
"06/06/2019","13.73","13.63","14.07","13.45","303.63M","4.73%"
"05/06/2019","13.11","13.25","13.42","12.79","202.66M","1.55%"
"04/06/2019","12.91","12.07","12.93","11.97","207.11M","8.21%"
"03/06/2019","11.93","12.37","12.45","11.80","195.97M","-3.32%"
"31/05/2019","12.34","12.34","12.66","12.27","156.10M","-1.67%"
"30/05/2019","12.55","12.58","12.82","12.47","118.90M","-0.87%"
"29/05/2019","12.66","12.47","12.83","12.34","179.53M","0.64%"
"28/05/2019","12.58","12.75","13.00","12.52","154.69M","-1.02%"
"24/05/2019","12.71","13.32","13.33","12.58","212.05M","-2.46%"
"23/05/2019","13.03","12.96","13.30","12.41","398.21M","1.40%"
"22/05/2019","12.85","13.27","13.60","12.79","280.28M","-6.00%"
"21/05/2019","13.67","13.18","13.83","13.07","270.06M","-0.15%"
"20/05/2019","13.69","13.52","13.73","13.02","307.89M","-2.70%"
"17/05/2019","14.07","14.80","14.82","13.93","266.80M","-7.56%"
"16/05/2019","15.22","15.30","15.40","15.10","112.25M","-1.55%"
"15/05/2019","15.46","15.29","15.50","15.02","109.44M","-0.19%"
"14/05/2019","15.49","15.29","15.63","15.20","108.79M","2.38%"
"13/05/2019","15.13","15.47","15.50","14.97","162.52M","-5.26%"
"10/05/2019","15.97","15.98","16.13","15.73","105.13M","-0.99%"
"09/05/2019","16.13","16.13","16.25","15.80","100.67M","-1.16%"
"08/05/2019","16.32","16.46","16.71","16.28","92.65M","-0.91%"
"07/05/2019","16.47","17.12","17.15","16.34","151.97M","-3.23%"
"06/05/2019","17.02","16.67","17.22","16.57","162.51M","0.12%"
"03/05/2019","17.00","16.26","17.11","16.23","355.60M","4.49%"
"02/05/2019","16.27","16.37","16.48","15.85","272.39M","4.29%"
"01/05/2019","15.60","15.92","16.00","15.43","160.57M","-1.95%"
"30/04/2019","15.91","16.14","16.28","15.80","141.97M","-1.18%"
"29/04/2019","16.10","15.72","16.27","15.48","250.72M","2.68%"
"26/04/2019","15.68","16.43","16.45","15.41","335.41M","-5.03%"
"25/04/2019","16.51","17.00","17.27","16.40","327.74M","-4.23%"
"24/04/2019","17.24","17.59","17.69","17.20","160.91M","-1.99%"
"23/04/2019","17.59","17.34","17.71","17.05","164.16M","0.40%"
"22/04/2019","17.52","17.93","17.98","17.50","182.21M","-3.84%"
"18/04/2019","18.22","18.08","18.32","17.98","88.14M","0.77%"
"17/04/2019","18.08","18.32","18.32","17.90","76.90M","-0.77%"
"16/04/2019","18.22","17.72","18.33","17.65","109.09M","2.59%"
"15/04/2019","17.76","17.91","17.93","17.24","150.58M","-0.50%"
"12/04/2019","17.85","18.01","18.13","17.79","101.19M","-0.22%"
"11/04/2019","17.89","17.89","18.03","17.71","147.54M","-2.77%"
"10/04/2019","18.40","18.45","18.56","18.19","105.92M","1.38%"
"09/04/2019","18.15","18.11","18.33","17.97","88.56M","-0.33%"
"08/04/2019","18.21","18.51","18.74","18.03","156.16M","-0.65%"
"05/04/2019","18.33","17.99","18.41","17.74","195.57M","2.69%"
"04/04/2019","17.85","17.46","18.08","17.37","355.81M","-8.23%"
"03/04/2019","19.45","19.15","19.74","19.14","118.95M","2.05%"
"02/04/2019","19.06","19.22","19.30","18.93","82.18M","-1.14%"
"01/04/2019","19.28","18.84","19.28","18.75","121.66M","3.32%"
"29/03/2019","18.66","18.58","18.68","18.30","89.87M","0.48%"
"28/03/2019","18.57","18.48","18.69","18.34","101.61M","1.36%"
"27/03/2019","18.32","17.92","18.36","17.88","131.69M","2.63%"
"26/03/2019","17.85","17.63","18.02","17.63","110.26M","2.82%"
"25/03/2019","17.36","17.31","17.55","16.96","153.23M","-1.59%"
"22/03/2019","17.64","18.17","18.19","17.60","131.18M","-3.45%"
"21/03/2019","18.27","18.17","18.43","17.90","89.21M","0.16%"
"20/03/2019","18.24","17.98","18.33","17.75","103.62M","2.30%"
"19/03/2019","17.83","17.83","18.22","17.56","177.01M","-0.78%"
"18/03/2019","17.97","18.40","18.54","17.82","154.21M","-2.12%"
"15/03/2019","18.36","18.90","18.91","18.29","221.78M","-5.02%"
"14/03/2019","19.33","19.50","19.69","19.22","106.55M","0.36%"
"13/03/2019","19.26","18.93","19.47","18.85","102.67M","1.96%"
"12/03/2019","18.89","19.10","19.20","18.74","112.56M","-2.58%"
"11/03/2019","19.39","18.90","19.42","18.70","110.88M","2.38%"
"08/03/2019","18.94","18.46","19.04","18.39","132.29M","2.71%"
"07/03/2019","18.44","18.59","18.98","18.28","141.64M","0.11%"
"06/03/2019","18.42","18.43","18.77","18.29","155.03M","-0.11%"
"05/03/2019","18.44","18.80","18.93","18.01","281.47M","-3.05%"
"04/03/2019","19.02","19.87","19.93","18.85","256.45M","-3.21%"
"01/03/2019","19.65","20.46","20.48","19.46","343.67M","-7.88%"
"28/02/2019","21.33","21.26","21.33","20.72","157.81M","1.67%"
"27/02/2019","20.98","20.12","21.09","20.04","167.76M","5.64%"
"26/02/2019","19.86","19.48","20.13","19.25","128.74M","-0.30%"
"25/02/2019","19.92","19.86","20.19","19.80","99.40M","1.37%"
"22/02/2019","19.65","19.63","19.77","19.47","86.11M","1.18%"
"21/02/2019","19.42","20.12","20.22","19.37","133.64M","-3.72%"
"20/02/2019","20.17","20.29","20.42","19.93","107.13M","-1.03%"
"19/02/2019","20.38","20.44","20.77","20.36","62.53M","-0.73%"
"15/02/2019","20.53","20.30","20.53","20.26","58.57M","1.38%"
"14/02/2019","20.25","20.23","20.45","20.07","78.01M","-1.41%"
"13/02/2019","20.54","20.82","20.85","20.37","77.12M","-1.20%"
"12/02/2019","20.79","21.08","21.21","20.64","82.76M","-0.34%"
"11/02/2019","20.86","20.77","21.24","20.70","106.95M","2.31%"
"08/02/2019","20.39","20.46","20.50","19.90","87.66M","-0.54%"
"07/02/2019","20.50","20.89","20.98","20.20","97.81M","-3.07%"
"06/02/2019","21.15","21.31","21.62","21.04","75.58M","-1.26%"
"05/02/2019","21.42","20.83","21.50","20.82","101.14M","2.68%"
"04/02/2019","20.86","20.87","21.02","20.13","110.28M","0.24%"
"01/02/2019","20.81","20.36","21.07","20.23","109.25M","1.66%"
"31/01/2019","20.47","20.07","20.77","19.60","188.54M","-0.53%"
"30/01/2019","20.58","20.03","20.60","19.90","168.75M","3.78%"
"29/01/2019","19.83","19.68","19.90","19.45","69.33M","0.35%"
"28/01/2019","19.76","19.53","19.83","19.18","96.35M","-0.20%"
"25/01/2019","19.80","19.63","19.90","19.30","108.87M","1.90%"
"24/01/2019","19.43","18.87","19.58","18.62","120.18M","1.36%"
"23/01/2019","19.17","19.50","19.63","18.78","187.95M","-3.81%"
"22/01/2019","19.93","20.32","20.53","19.70","181.00M","-1.09%"
"18/01/2019","20.15","21.53","21.81","19.98","362.26M","-12.96%"
"17/01/2019","23.15","23.08","23.43","22.94","55.15M","0.35%"
"16/01/2019","23.07","22.99","23.47","22.90","70.38M","0.48%"
"15/01/2019","22.96","22.33","23.25","22.30","90.85M","3.01%"
"14/01/2019","22.29","22.83","22.83","22.27","78.71M","-3.71%"
"11/01/2019","23.15","22.81","23.23","22.58","75.59M","0.65%"
"10/01/2019","23.00","22.29","23.03","22.12","90.85M","1.91%"
"09/01/2019","22.57","22.37","22.90","22.10","81.49M","0.94%"
"08/01/2019","22.36","22.80","22.93","21.80","105.13M","0.13%"
"07/01/2019","22.33","21.45","22.45","21.18","113.27M","5.43%"
"04/01/2019","21.18","20.40","21.20","20.18","110.91M","5.79%"
"03/01/2019","20.02","20.47","20.63","19.83","104.48M","-3.14%"
"02/01/2019","20.67","20.41","21.01","19.92","174.88M","-6.85%"
"31/12/2018","22.19","22.52","22.61","21.68","94.54M","-0.31%"
"28/12/2018","22.26","21.54","22.42","21.23","149.09M","5.60%"
"27/12/2018","21.08","21.32","21.48","20.10","128.63M","-3.04%"
"26/12/2018","21.74","20.00","21.80","19.61","122.45M","10.41%"
"24/12/2018","19.69","20.90","20.97","19.68","83.40M","-7.65%"
"21/12/2018","21.32","21.16","21.56","20.83","120.25M","1.38%"
"20/12/2018","21.03","21.80","22.02","20.79","136.08M","-5.27%"
"19/12/2018","22.20","22.51","23.13","21.98","124.11M","-1.20%"
"18/12/2018","22.47","23.37","23.44","22.25","106.50M","-3.27%"
"17/12/2018","23.23","24.13","24.38","22.93","115.11M","-4.72%"
"14/12/2018","24.38","25.00","25.19","24.29","95.06M","-2.95%"
"13/12/2018","25.12","24.68","25.16","24.45","110.49M","2.78%"
"12/12/2018","24.44","24.63","24.79","24.34","75.41M","-0.04%"
"11/12/2018","24.45","24.66","24.81","24.02","94.63M","0.45%"
"10/12/2018","24.34","24.00","24.40","23.54","99.20M","2.01%"
"07/12/2018","23.86","24.60","25.30","23.84","172.67M","-1.40%"
"06/12/2018","24.20","23.73","24.49","23.38","117.64M","0.92%"
"04/12/2018","23.98","23.74","24.58","23.47","126.93M","0.33%"
"03/12/2018","23.90","24.00","24.40","23.47","124.60M","2.27%"
"30/11/2018","23.37","22.79","23.44","22.55","84.43M","2.77%"
"29/11/2018","22.74","23.13","23.17","22.64","46.21M","-1.94%"
"28/11/2018","23.19","23.07","23.22","22.81","61.91M","1.13%"
"27/11/2018","22.93","22.67","23.13","22.37","95.37M","-0.61%"
"26/11/2018","23.07","21.67","23.08","21.67","119.88M","6.22%"
"23/11/2018","21.72","22.29","22.50","21.70","63.04M","-3.68%"
"21/11/2018","22.55","23.47","23.54","22.49","70.30M","-2.68%"
"20/11/2018","23.17","22.78","23.32","22.24","120.07M","-1.66%"
"19/11/2018","23.56","23.76","24.45","23.53","145.63M","-0.25%"
"16/11/2018","23.62","23.01","23.71","23.01","108.09M","1.68%"
"15/11/2018","23.23","22.82","23.24","22.60","69.39M","1.31%"
"14/11/2018","22.93","22.85","23.14","22.48","75.60M","1.55%"
"13/11/2018","22.58","22.21","22.98","22.15","81.73M","2.22%"
"12/11/2018","22.09","23.22","23.32","22.02","104.12M","-5.48%"
"09/11/2018","23.37","23.27","23.60","23.02","76.48M","-0.26%"
"08/11/2018","23.43","23.23","23.84","23.23","106.36M","0.95%"
"07/11/2018","23.21","22.89","23.41","22.72","110.62M","2.07%"
"06/11/2018","22.74","22.60","23.25","22.41","101.44M","-0.09%"
"05/11/2018","22.76","22.70","22.93","22.01","117.47M","-1.43%"
"02/11/2018","23.09","22.92","23.28","22.73","117.12M","0.61%"
"01/11/2018","22.95","22.55","23.19","22.31","120.00M","2.05%"
"31/10/2018","22.49","22.17","22.80","21.94","114.37M","2.27%"
"30/10/2018","21.99","21.89","22.53","21.48","136.90M","-1.48%"
"29/10/2018","22.32","22.50","23.14","21.77","217.29M","1.18%"
"26/10/2018","22.06","20.55","22.66","20.44","411.38M","5.10%"
"25/10/2018","20.99","21.15","21.40","20.07","312.61M","9.15%"
"24/10/2018","19.23","20.07","20.30","19.05","300.87M","-1.94%"
"23/10/2018","19.61","17.59","19.86","17.47","285.42M","12.70%"
"22/10/2018","17.40","17.38","17.46","16.84","84.00M","0.40%"
"19/10/2018","17.33","17.83","17.98","16.90","140.63M","-1.48%"
"18/10/2018","17.59","17.95","18.07","17.53","81.32M","-2.92%"
"17/10/2018","18.12","18.83","18.85","17.72","129.83M","-1.74%"
"16/10/2018","18.44","17.71","18.49","17.48","142.90M","6.53%"
"15/10/2018","17.31","17.27","17.55","16.97","93.00M","0.35%"
"12/10/2018","17.25","17.40","17.47","16.80","108.02M","2.56%"
"11/10/2018","16.82","17.17","17.48","16.60","122.52M","-1.81%"
"10/10/2018","17.13","17.64","17.70","16.52","192.23M","-2.23%"
"09/10/2018","17.52","17.02","17.78","16.89","180.91M","4.91%"
"08/10/2018","16.70","17.63","17.85","16.60","202.09M","-4.35%"
"05/10/2018","17.46","18.31","18.33","17.33","269.17M","-7.08%"
"04/10/2018","18.79","19.60","19.60","18.51","147.21M","-4.38%"
"03/10/2018","19.65","20.22","20.31","19.44","119.92M","-2.09%"
"02/10/2018","20.07","20.93","21.12","19.94","176.15M","-3.09%"
"01/10/2018","20.71","20.38","20.76","20.07","326.66M","17.34%"
"28/09/2018","17.65","18.02","18.53","17.37","504.75M","-13.90%"
"27/09/2018","20.50","20.86","21.00","20.46","127.64M","-0.68%"
"26/09/2018","20.64","20.13","20.93","20.07","117.65M","2.84%"
"25/09/2018","20.07","20.00","20.31","19.77","67.23M","0.45%"
"24/09/2018","19.98","19.90","20.20","19.57","72.64M","0.20%"
"21/09/2018","19.94","19.85","20.04","19.69","75.76M","0.25%"
"20/09/2018","19.89","20.24","20.40","19.56","110.24M","-0.20%"
"19/09/2018","19.93","18.70","20.00","18.70","124.42M","4.89%"
"18/09/2018","19.00","19.78","20.18","18.37","248.21M","-3.36%"
"17/09/2018","19.66","19.34","20.06","19.21","103.31M","-0.10%"
"14/09/2018","19.68","19.25","19.82","19.10","101.48M","1.97%"
"13/09/2018","19.30","19.20","19.67","19.01","95.11M","-0.36%"
"12/09/2018","19.37","18.76","19.50","18.58","150.23M","3.97%"
"11/09/2018","18.63","18.63","18.80","18.24","137.55M","-2.10%"
"10/09/2018","19.03","18.22","19.07","18.07","214.25M","8.43%"
"07/09/2018","17.55","17.34","17.89","16.82","337.38M","-6.30%"
"06/09/2018","18.73","18.99","19.41","18.59","112.21M","0.05%"
"05/09/2018","18.72","19.00","19.12","18.48","115.81M","-2.80%"
"04/09/2018","19.26","19.80","19.88","19.20","125.26M","-4.23%"
"31/08/2018","20.11","20.13","20.35","19.91","80.63M","-0.49%"
"30/08/2018","20.21","20.15","20.31","19.85","108.25M","-0.59%"
"29/08/2018","20.33","20.68","20.79","20.25","111.71M","-2.21%"
"28/08/2018","20.79","21.23","21.26","20.75","114.74M","-2.30%"
"27/08/2018","21.28","21.20","21.50","20.59","196.19M","-1.12%"
"24/08/2018","21.52","21.38","21.59","21.29","54.04M","0.84%"
"23/08/2018","21.34","21.28","21.82","21.21","77.21M","-0.47%"
"22/08/2018","21.44","21.39","21.59","20.98","89.19M","-0.09%"
"21/08/2018","21.46","20.71","21.65","20.60","197.58M","4.38%"
"20/08/2018","20.56","19.45","20.57","19.21","261.04M","0.93%"
"17/08/2018","20.37","21.57","21.78","20.24","284.38M","-8.90%"
"16/08/2018","22.36","22.66","22.82","22.25","90.96M","-0.97%"
"15/08/2018","22.58","22.79","22.97","22.14","136.52M","-2.59%"
"14/08/2018","23.18","23.90","23.95","23.14","104.80M","-2.44%"
"13/08/2018","23.76","24.08","24.21","23.27","156.96M","0.25%"
"10/08/2018","23.70","23.60","24.00","23.07","173.28M","0.85%"
"09/08/2018","23.50","24.37","24.47","23.05","257.76M","-4.82%"
"08/08/2018","24.69","24.61","25.51","24.47","368.57M","-2.41%"
"07/08/2018","25.30","22.92","25.83","22.61","463.14M","10.96%"
"06/08/2018","22.80","23.03","23.67","22.79","128.47M","-1.77%"
"03/08/2018","23.21","23.19","23.67","22.84","204.85M","-0.39%"
"02/08/2018","23.30","21.90","23.33","21.54","348.22M","16.15%"
"01/08/2018","20.06","19.87","20.20","19.53","151.94M","0.91%"
"31/07/2018","19.88","19.48","19.89","19.27","76.15M","2.79%"
"30/07/2018","19.34","19.73","19.74","19.08","102.21M","-2.37%"
"27/07/2018","19.81","20.48","20.51","19.69","85.55M","-3.08%"
"26/07/2018","20.44","20.32","20.71","20.24","69.46M","-0.68%"
"25/07/2018","20.58","19.78","20.64","19.63","106.41M","3.78%"
"24/07/2018","19.83","20.29","20.51","19.50","143.86M","-1.88%"
"23/07/2018","20.21","20.12","20.37","19.52","164.89M","-3.35%"
"20/07/2018","20.91","21.42","21.55","20.78","77.50M","-2.06%"
"19/07/2018","21.35","21.09","21.57","20.93","88.73M","-1.11%"
"18/07/2018","21.59","21.67","21.70","21.08","84.36M","0.37%"
"17/07/2018","21.51","20.59","21.65","20.57","104.94M","4.06%"
"16/07/2018","20.67","20.78","21.01","20.42","117.28M","-2.78%"
"13/07/2018","21.26","21.04","21.31","20.62","88.14M","0.71%"
"12/07/2018","21.11","21.43","21.55","20.85","85.82M","-0.71%"
"11/07/2018","21.26","21.05","21.46","21.00","73.26M","-1.12%"
"10/07/2018","21.50","21.64","21.85","21.28","142.07M","1.27%"
"09/07/2018","21.23","20.80","21.23","20.53","113.95M","3.11%"
"06/07/2018","20.59","20.33","20.80","20.13","132.98M","-0.10%"
"05/07/2018","20.61","20.92","20.96","19.75","262.15M","-0.53%"
"03/07/2018","20.72","22.12","22.17","20.65","184.24M","-7.25%"
"02/07/2018","22.34","24.00","24.32","21.99","281.40M","-2.27%"
"29/06/2018","22.86","23.56","23.59","22.83","97.39M","-2.01%"
"28/06/2018","23.33","23.24","23.80","23.07","125.97M","1.57%"
"27/06/2018","22.97","23.00","23.39","22.63","125.01M","0.75%"
"26/06/2018","22.80","22.40","22.90","21.72","111.79M","2.70%"
"25/06/2018","22.20","22.01","22.56","21.83","103.97M","-0.18%"
"22/06/2018","22.24","23.44","23.48","22.13","153.99M","-4.01%"
"21/06/2018","23.17","24.13","24.41","23.08","119.51M","-4.06%"
"20/06/2018","24.15","23.87","24.29","23.47","125.75M","2.77%"
"19/06/2018","23.50","24.34","24.67","23.08","191.43M","-4.94%"
"18/06/2018","24.72","23.69","24.92","23.63","181.10M","3.52%"
"15/06/2018","23.88","23.59","24.31","23.42","162.72M","0.13%"
"14/06/2018","23.85","23.18","23.92","23.11","164.72M","3.74%"
"13/06/2018","22.99","23.11","23.15","22.65","142.05M","0.61%"
"12/06/2018","22.85","22.98","23.66","22.53","335.21M","3.21%"
"11/06/2018","22.14","21.50","22.31","21.50","197.75M","4.53%"
"08/06/2018","21.18","21.27","21.63","21.14","123.08M","0.52%"
"07/06/2018","21.07","21.08","22.00","20.91","215.18M","-1.08%"
"06/06/2018","21.30","20.03","21.48","19.83","281.51M","9.74%"
"05/06/2018","19.41","19.85","19.85","19.12","89.93M","-1.87%"
"04/06/2018","19.78","19.62","19.93","19.57","71.97M","1.70%"
"01/06/2018","19.45","19.06","19.46","18.92","81.37M","2.48%"
"31/05/2018","18.98","19.15","19.36","18.86","88.80M","-2.42%"
"30/05/2018","19.45","18.89","19.67","18.77","112.35M","2.80%"
"29/05/2018","18.92","18.57","19.10","18.41","85.00M","1.78%"
"25/05/2018","18.59","18.51","18.64","18.37","58.13M","0.38%"
"24/05/2018","18.52","18.56","18.74","18.33","62.65M","-0.43%"
"23/05/2018","18.60","18.52","18.66","18.27","89.78M","1.47%"
"22/05/2018","18.33","19.18","19.20","18.23","134.19M","-3.37%"
"21/05/2018","18.97","18.76","19.43","18.75","137.74M","2.82%"
"18/05/2018","18.45","18.98","18.98","18.27","108.78M","-2.74%"
"17/05/2018","18.97","19.06","19.28","18.93","66.31M","-0.68%"
"16/05/2018","19.10","18.92","19.25","18.77","85.11M","0.79%"
"15/05/2018","18.95","19.00","19.13","18.70","142.79M","-2.62%"
"14/05/2018","19.46","20.22","20.33","19.44","109.30M","-3.04%"
"11/05/2018","20.07","20.51","20.59","19.94","70.19M","-1.28%"
"10/05/2018","20.33","20.50","20.87","20.27","84.77M","-0.64%"
"09/05/2018","20.46","20.03","20.47","20.00","85.91M","1.64%"
"08/05/2018","20.13","20.05","20.52","19.93","88.95M","-0.25%"
"07/05/2018","20.18","19.83","20.40","19.68","130.17M","2.91%"
"04/05/2018","19.61","18.87","19.79","18.63","128.54M","3.43%"
"03/05/2018","18.96","18.59","19.20","18.35","260.28M","-5.58%"
"02/05/2018","20.08","19.90","20.46","19.85","134.56M","0.45%"
"01/05/2018","19.99","19.57","20.05","19.55","69.38M","2.04%"
"30/04/2018","19.59","19.57","19.92","19.50","63.42M","-0.05%"
"27/04/2018","19.60","19.02","19.63","18.92","65.47M","3.00%"
"26/04/2018","19.03","18.58","19.05","18.43","65.34M","1.71%"
"25/04/2018","18.71","18.90","19.01","18.48","60.20M","-1.01%"
"24/04/2018","18.90","19.00","19.14","18.56","85.28M","0.05%"
"23/04/2018","18.89","19.42","19.44","18.82","73.40M","-2.38%"
"20/04/2018","19.35","19.68","20.00","19.32","84.42M","-3.30%"
"19/04/2018","20.01","19.41","20.07","19.24","91.36M","2.30%"
"18/04/2018","19.56","19.41","20.02","19.21","98.37M","1.98%"
"17/04/2018","19.18","19.26","19.48","18.83","105.00M","-1.18%"
"16/04/2018","19.41","19.93","19.98","19.27","95.08M","-3.05%"
"13/04/2018","20.02","20.24","20.26","19.73","109.91M","2.09%"
"12/04/2018","19.61","20.15","20.26","19.58","114.13M","-2.24%"
"11/04/2018","20.06","20.05","20.60","19.98","112.24M","-1.23%"
"10/04/2018","20.31","19.93","20.47","19.58","165.36M","5.18%"
"09/04/2018","19.31","20.02","20.63","19.28","153.75M","-3.21%"
"06/04/2018","19.95","20.07","20.62","19.70","202.80M","-2.11%"
"05/04/2018","20.38","19.29","20.42","19.21","286.82M","6.53%"
"04/04/2018","19.13","16.85","19.22","16.80","298.45M","7.23%"
"03/04/2018","17.84","17.99","18.22","16.97","282.67M","6.00%"
"02/04/2018","16.83","17.08","17.36","16.31","241.71M","-5.13%"
"29/03/2018","17.74","17.10","18.06","16.55","227.56M","3.20%"
"28/03/2018","17.19","17.64","17.91","16.81","315.02M","-7.63%"
"27/03/2018","18.61","20.27","20.28","18.48","208.08M","-8.23%"
"26/03/2018","20.28","20.49","20.51","19.42","125.63M","0.90%"
"23/03/2018","20.10","20.75","20.77","20.03","99.82M","-2.47%"
"22/03/2018","20.61","20.93","21.25","20.55","74.10M","-2.32%"
"21/03/2018","21.10","20.68","21.50","20.68","89.38M","1.93%"
"20/03/2018","20.70","20.99","21.08","20.58","71.46M","-0.96%"
"19/03/2018","20.90","21.10","21.38","20.64","112.26M","-2.43%"
"16/03/2018","21.42","21.73","21.83","21.27","91.76M","-1.34%"
"15/03/2018","21.71","21.96","22.19","21.41","98.47M","-0.32%"
"14/03/2018","21.78","22.45","22.65","21.60","119.51M","-4.43%"
"13/03/2018","22.79","22.99","23.01","22.42","89.49M","-1.04%"
"12/03/2018","23.03","21.91","23.15","21.77","123.96M","5.59%"
"09/03/2018","21.81","21.61","21.90","21.49","82.60M","-0.59%"
"08/03/2018","21.94","22.19","22.22","21.75","53.49M","-0.95%"
"07/03/2018","22.15","21.70","22.17","21.45","75.11M","1.23%"
"06/03/2018","21.88","22.25","22.42","21.80","64.29M","-1.53%"
"05/03/2018","22.22","22.16","22.52","21.95","57.36M","-0.54%"
"02/03/2018","22.34","21.80","22.35","21.53","76.39M","1.27%"
"01/03/2018","22.06","23.00","23.24","22.00","103.28M","-3.54%"
"28/02/2018","22.87","23.50","23.68","22.81","91.04M","-2.26%"
"27/02/2018","23.40","23.75","24.00","23.33","71.96M","-1.80%"
"26/02/2018","23.83","23.57","23.93","23.49","65.10M","1.53%"
"23/02/2018","23.47","23.19","23.67","23.14","87.26M","1.69%"
"22/02/2018","23.08","22.37","23.16","22.32","104.55M","3.87%"
"21/02/2018","22.22","22.40","22.65","22.21","48.29M","-0.45%"
"20/02/2018","22.32","22.30","22.72","22.10","60.14M","-0.22%"
"16/02/2018","22.37","22.17","22.87","22.11","84.64M","0.45%"
"15/02/2018","22.27","21.63","22.27","21.49","88.69M","3.63%"
"14/02/2018","21.49","21.39","21.74","21.23","59.26M","-0.42%"
"13/02/2018","21.58","21.00","21.61","20.83","68.40M","2.52%"
"12/02/2018","21.05","21.08","21.21","20.42","93.42M","1.74%"
"09/02/2018","20.69","21.33","21.40","19.65","194.01M","-1.57%"
"08/02/2018","21.02","22.89","23.24","20.97","154.72M","-8.61%"
"07/02/2018","23.00","22.60","23.07","22.38","104.54M","3.32%"
"06/02/2018","22.26","21.68","22.41","21.57","76.33M","0.23%"
"05/02/2018","22.21","22.53","22.96","22.20","66.96M","-3.10%"
"02/02/2018","22.92","23.23","23.46","22.70","55.57M","-1.55%"
"01/02/2018","23.28","23.40","23.98","23.24","62.97M","-1.44%"
"31/01/2018","23.62","23.17","23.75","23.01","93.21M","2.47%"
"30/01/2018","23.05","23.01","23.22","22.81","70.77M","-1.07%"
"29/01/2018","23.30","22.66","23.39","22.55","71.21M","1.92%"
"26/01/2018","22.86","22.77","22.93","22.38","68.09M","1.55%"
"25/01/2018","22.51","23.22","23.28","22.43","101.10M","-2.39%"
"24/01/2018","23.06","23.64","23.65","22.90","79.31M","-1.96%"
"23/01/2018","23.52","24.00","24.03","23.40","81.98M","0.34%"
"22/01/2018","23.44","23.29","23.86","23.28","93.16M","0.47%"
"19/01/2018","23.33","23.00","23.37","22.84","73.32M","1.57%"
"18/01/2018","22.97","23.04","23.49","22.92","85.29M","-0.73%"
"17/01/2018","23.14","22.70","23.27","22.65","106.55M","2.07%"
"16/01/2018","22.67","22.50","23.00","22.32","97.11M","1.16%"
"12/01/2018","22.41","22.58","22.69","22.24","72.38M","-0.53%"
"11/01/2018","22.53","22.35","22.99","22.22","99.68M","0.94%"
"10/01/2018","22.32","22.15","22.47","22.00","64.65M","0.31%"
"09/01/2018","22.25","22.34","22.59","21.83","107.20M","-0.80%"
"08/01/2018","22.43","21.07","22.47","21.03","147.89M","6.25%"
"05/01/2018","21.11","21.11","21.15","20.80","68.87M","0.67%"
"04/01/2018","20.97","20.86","21.24","20.38","149.19M","-0.85%"
"03/01/2018","21.15","21.40","21.68","21.04","67.82M","-1.03%"
"02/01/2018","21.37","20.80","21.47","20.73","65.28M","2.94%"